broadcast_id,broadcast_title,meeting_brief_id,official_document_id,official_url,source_status,topic_id,title,summary,live_evidence_ids,official_evidence_ids,review_reason,review_status
2ad2f387-1955-42b8-9c29-f098c33e258c,제438회 국회(임시회) 제03차 예산결산특별위원회,de74a687-269a-4410-a4ac-3db2958b2526,fcf747fb-9bca-44b7-9a16-1457dcedef99,https://record.assembly.go.kr/assembly/viewer/minutes/xml.do?id=57186&type=summary,OFFICIAL_INTEGRATED,topic-8,전재수 부산시장의 ‘북항 돔야구장 검토’ 주장을 둘러본 해수부 사실 확인 논의,전재수 부산시장의 ‘북항 돔야구장 검토’ 주장을 둘러본 해수부 사실 확인 논의,62de8876-8043-4cca-8990-68b0d5caa043:0|a7019c5c-e509-41f5-9865-3c6cfad97362:1|95fbb23f-3f58-4e71-9551-a0d178c3aa63:0|95fbb23f-3f58-4e71-9551-a0d178c3aa63:1,4d855be1-089d-4742-b0ef-49cef386b4ae|214efa12-a992-4371-a33b-3e6225431a31|9b0752f9-0612-4217-8d65-dbbea9d109aa|b58baf13-b52a-4845-9eb0-6c3e39680baf|6a8eb7e8-85d4-43a0-b671-83eff8171dda|b5990c48-17c1-4e04-8cb9-ce634972b61c|02266493-6395-48cd-b049-7c50d53b8c5d,NO_SAFE_ONTOLOGY_TARGET,PENDING_SOURCE_REVIEW
bbfb3f13-fb16-4f6b-bb01-2b418b6b01bb,제438회 국회(임시회) 제04차 예산결산특별위원회,f2c76f0e-5621-455e-bcab-54995cc2f06f,547e8626-aac9-4559-a9b0-c106aef946b6,https://record.assembly.go.kr/assembly/viewer/minutes/xml.do?id=57212&type=summary,OFFICIAL_INTEGRATED,topic-13,단순배출권 인증 기준 부재,단순배출권 인증 기준의 부재와 구두 기반 행 결정에 대한 비판이 제기되었다.,b36daa98-4231-454d-bde5-69db54e5896c:0,,NO_OFFICIAL_UTTERANCE_LINK,PENDING_SOURCE_REVIEW
bbfb3f13-fb16-4f6b-bb01-2b418b6b01bb,제438회 국회(임시회) 제04차 예산결산특별위원회,f2c76f0e-5621-455e-bcab-54995cc2f06f,547e8626-aac9-4559-a9b0-c106aef946b6,https://record.assembly.go.kr/assembly/viewer/minutes/xml.do?id=57212&type=summary,OFFICIAL_INTEGRATED,topic-8,예타 문제 해결 및 협의 진행,예타 문제 해결을 위해 부처 간 협의를 진행하고 과거 사례를 검토하여 향후 개선 방안을 모색한다.,e1181c0d-fb35-4758-abbd-402f40d1223c:0,,NO_OFFICIAL_UTTERANCE_LINK,PENDING_SOURCE_REVIEW
78c5fdc8-4f2a-4dd6-803d-c5cb6cc4ce4c,제439회 국회(정기회) 제05차 본회의,98662fda-12b0-4e81-bfd3-0f7b8bcbfe83,ab71ea0c-329f-4148-922f-3d130f03561d,https://record.assembly.go.kr/assembly/viewer/minutes/xml.do?id=57252&type=summary,PROVISIONAL,topic-13,기업과 정부의 책임 분리와 투자 결정 과정의 투명성,기업 총수과 정부의 책임 분리와 투자 결정 과정의 투명성 확보를 위해 의원들의 협력이 필요하다.,6341c2b1-169e-4fd4-8de4-90241fa0524b:0,,SOURCE_ONLY_SUMMARY_UNVERIFIED,PENDING_SOURCE_REVIEW
78c5fdc8-4f2a-4dd6-803d-c5cb6cc4ce4c,제439회 국회(정기회) 제05차 본회의,98662fda-12b0-4e81-bfd3-0f7b8bcbfe83,ab71ea0c-329f-4148-922f-3d130f03561d,https://record.assembly.go.kr/assembly/viewer/minutes/xml.do?id=57252&type=summary,PROVISIONAL,topic-4,올림픽공원 핸드볼 경기장 봉쇄 해제 및 부분 통제 검토,"이회식의원은 올림픽공원 핸드볼 경기장 봉쇄로 인한 체육단체 손실과 투표지 보관 구역 분리 가능성을 지적하며 부분 통제 후 봉쇄 해제를 촉구했고, 한성수 총리는 이에 대해 합당한 조치를 취해야 한다는 입장을 밝혔다.",c525e029-bd06-44b8-94a8-a9c3d47fde73:0,,SOURCE_ONLY_SUMMARY_UNVERIFIED,PENDING_SOURCE_REVIEW
0ed14a87-a415-47d7-a778-33abb976ba5b,제439회 국회(정기회) 제06차 본회의,50fbdf82-5588-42c4-b3a4-07a2e46354a4,e73ea9f7-5a02-4b26-8697-e1c07e49a6d9,https://record.assembly.go.kr/assembly/viewer/minutes/xml.do?id=57270&type=summary,PROVISIONAL,topic-12,기자 행세 발언과 총리 지시 여부 논의,"총리의 발언과 관련된 기자 행세를 한 사람이 총리실의 지시를 받았는지에 대한 논의가 이루어지고, 지시 부인과 적절성 평가가 이어진다.",90cea596-f22b-4002-8e93-5c9e7c27d430:0|978c74e5-0993-4c25-b599-64efdcbc8c98:0|29c43760-68c8-4884-9000-d7e92d41f47f:0|f0727e0f-8643-4fb5-902e-4ded8881ea80:0,,SOURCE_ONLY_SUMMARY_UNVERIFIED,PENDING_SOURCE_REVIEW
0ed14a87-a415-47d7-a778-33abb976ba5b,제439회 국회(정기회) 제06차 본회의,50fbdf82-5588-42c4-b3a4-07a2e46354a4,e73ea9f7-5a02-4b26-8697-e1c07e49a6d9,https://record.assembly.go.kr/assembly/viewer/minutes/xml.do?id=57270&type=summary,PROVISIONAL,topic-16,구체적 증거 없는 비난에 대한 반응과 이병홍 사찰 보도에 대한 추가 조사 부정,구체적 증거 없는 비난에 대한 반응과 이병홍 사찰 보도에 대한 추가 조사 부정.,7ba0b652-969f-47f0-80fc-d053014e7d7b:0|99aa2595-c7f8-4158-b695-d2917b831af7:0|f0a41c1d-3d34-45c1-b874-efef81702cd3:0|105a7150-162f-4be1-ae4c-0faf19af99e6:0,,SOURCE_ONLY_SUMMARY_UNVERIFIED,PENDING_SOURCE_REVIEW
0ed14a87-a415-47d7-a778-33abb976ba5b,제439회 국회(정기회) 제06차 본회의,50fbdf82-5588-42c4-b3a4-07a2e46354a4,e73ea9f7-5a02-4b26-8697-e1c07e49a6d9,https://record.assembly.go.kr/assembly/viewer/minutes/xml.do?id=57270&type=summary,PROVISIONAL,topic-2,한국 정부의 신뢰도 향상과 내외적 평가 이원성,"한국 정부의 신뢰도 상승과 해외 평가, 계엄 기간의 수습 성과, 이재명 정부의 범죄 지식 인식, 그리고 미중 패권 경쟁 속 한국의 외교 방향성에 대한 논의가 이어졌다. 한국의 이미지 향상과 동시에 내부적 신뢰 저하 우려, 그리고 외교적 자율성 확보의 필요성이 병기적으로 제기되었다.",93fe4b88-10b6-496d-8837-93cbdfb2cd1d:0|bc48784b-7a31-4342-8eff-cb22fadcc4c3:0|4d34ccfc-a2e3-4b71-9dc8-ddf75a0f95b6:0|223d3b75-da0e-40f6-919d-68359447d427:0,,SOURCE_ONLY_SUMMARY_UNVERIFIED,PENDING_SOURCE_REVIEW
0ed14a87-a415-47d7-a778-33abb976ba5b,제439회 국회(정기회) 제06차 본회의,50fbdf82-5588-42c4-b3a4-07a2e46354a4,e73ea9f7-5a02-4b26-8697-e1c07e49a6d9,https://record.assembly.go.kr/assembly/viewer/minutes/xml.do?id=57270&type=summary,PROVISIONAL,topic-20,외교부 정부 입지 일관성 문제,"외교부 장관의 공개 발언이 이재명 정부의 국정과제와 불일치하며, 정부 입지의 단일성과 일관성에 우려를 제기.",760d521c-b01e-4ce0-9618-67293627d10d:0|6623a2c2-963d-4892-bbf6-d5ab369f52df:0|0a09f31c-b080-4c2d-b8f6-c3a432f257f1:0|715a30ca-5230-4af2-ac84-d679465eebae:0|4c8f8c1c-2639-4c1c-bbcb-9ac78eff748d:0,,SOURCE_ONLY_SUMMARY_UNVERIFIED,PENDING_SOURCE_REVIEW
