broadcast_id,broadcast_title,meeting_brief_id,official_document_id,official_url,comparison_mode,topic_id,topic_title,point_id,draft_summary,live_evidence_ids,review_reason,review_status
e805641b-0fee-4d73-bd32-fac043b05f9d,제438회 국회(임시회) 제01차 법제사법위원회,558fcb23-a980-4e2a-9aad-0ab1d6407b87,78f34644-6da1-40d1-886a-1c789616028c,https://record.assembly.go.kr/assembly/viewer/minutes/xml.do?id=57150&type=summary,MODEL_REVIEWED,topic-1,대법관 제청 지연과 사법부 독립성 훼손 논란,speaker-1-2,"면담 일정 협의가 성사되지 않았으며, 서면 제청이 이루어진 경위를 설명하였다. 또한 사법부 독립성 훼손 우려와 대법원장의 일방적 제청에 대한 비판에 대해 반박하며, 사법부 구성원의 책임과 국민 신뢰 회복을 강조하였다.",92a5c97c-beb4-45c1-899f-32b0eda2e408:0|d7df3bc1-331b-4eef-af01-78ba350f2aa9:0,NO_CURRENT_OFFICIAL_UTTERANCE_LINK,PENDING_SOURCE_REVIEW
e805641b-0fee-4d73-bd32-fac043b05f9d,제438회 국회(임시회) 제01차 법제사법위원회,558fcb23-a980-4e2a-9aad-0ab1d6407b87,78f34644-6da1-40d1-886a-1c789616028c,https://record.assembly.go.kr/assembly/viewer/minutes/xml.do?id=57150&type=summary,MODEL_REVIEWED,topic-3,군사법원 운영과 군사법제도 개선 논의,speaker-3-2,감사원은 군사법원의 운영에 대한 철저한 관리를 요구하였다.,c839a3d9-415f-4695-bcf8-598ec2b43495:0,NO_CURRENT_OFFICIAL_UTTERANCE_LINK,PENDING_SOURCE_REVIEW
e805641b-0fee-4d73-bd32-fac043b05f9d,제438회 국회(임시회) 제01차 법제사법위원회,558fcb23-a980-4e2a-9aad-0ab1d6407b87,78f34644-6da1-40d1-886a-1c789616028c,https://record.assembly.go.kr/assembly/viewer/minutes/xml.do?id=57150&type=summary,MODEL_REVIEWED,topic-5,아동보호와 소년법 제32조 6호 처분 개선,speaker-5-2,"6호 수탁기관의 정원이 턱없이 부족하고, 6호 처분 아동의 교육 및 의료 지원이 제대로 이뤄지지 않고 있음을 인정하고 개선 노력을 밝혔으나, 법적 근거와 시스템이 미비함을 지적받았다.",934d4b0f-d2c8-45eb-9cbc-7505559bc688:1|8f13ea4a-bf5d-40f5-8ac6-703c37614ba6:0,NO_CURRENT_OFFICIAL_UTTERANCE_LINK,PENDING_SOURCE_REVIEW
f722698c-f85a-40a1-a5c3-0ab906ea80ab,제438회 국회(임시회) 제01차 예산결산특별위원회,8af1d205-b403-4ff0-a8e1-6a17a26ad759,67ff0df2-24eb-4a17-9098-d94419623511,https://record.assembly.go.kr/assembly/viewer/minutes/xml.do?id=57162&type=summary,MODEL_REVIEWED,topic-15,제주 4·3보상금 전용 관행과 재정 운용 문제,speaker-15-4,"예산을 목적예비비나 재해대책비 계정으로 편성하고, 행안부 인건비 부족분을 보상금으로 이용한 사례를 지적하며 재난 긴급성 논리의 부적절성을 밝혔다.",50de47ea-7c6a-4f84-8157-99c5fd3eebb3:0,NO_CURRENT_OFFICIAL_UTTERANCE_LINK,PENDING_SOURCE_REVIEW
f722698c-f85a-40a1-a5c3-0ab906ea80ab,제438회 국회(임시회) 제01차 예산결산특별위원회,8af1d205-b403-4ff0-a8e1-6a17a26ad759,67ff0df2-24eb-4a17-9098-d94419623511,https://record.assembly.go.kr/assembly/viewer/minutes/xml.do?id=57162&type=summary,MODEL_REVIEWED,topic-18,형사보상금 및 제주 4·3피해보상금 예산 편성 문제,speaker-18-2,"예산 편성의 부족한 측면을 인정하고, 신청주의 보상금에 대해 적극적 확보와 검토를 약속했다.",6a4d09bc-2396-4785-8978-4d7015069b07:0|85026965-40f9-42d0-a973-d311b03cedfb:1|85026965-40f9-42d0-a973-d311b03cedfb:3,NO_CURRENT_OFFICIAL_UTTERANCE_LINK,PENDING_SOURCE_REVIEW
5d5f6051-09ac-41ad-a1ff-d4654be239b5,제438회 국회(임시회) 제01차 행정안전위원회,8ce27f4f-3606-47c5-abe3-0003babf76b4,425b0d16-7876-4e85-9491-fca9165f9641,https://record.assembly.go.kr/assembly/viewer/minutes/xml.do?id=57178&type=summary,MODEL_REVIEWED,topic-13,훈장 부여 오류 바로잡기,speaker-13-2,"윤 모 경정의 명예퇴직 후 녹조근정 훈장 대신 근정 포장이 수여된 오류를 지적하며, 관계부처(행안부) 협의를 요구하고 현재 진행 상황을 문의했다.",d71f0db5-88cd-4561-813e-64ed3ef49526:0|3a19647b-f4a9-41e5-b92f-51ad6244be7c:0|3a19647b-f4a9-41e5-b92f-51ad6244be7c:1,NO_CURRENT_OFFICIAL_UTTERANCE_LINK,PENDING_SOURCE_REVIEW
5d5f6051-09ac-41ad-a1ff-d4654be239b5,제438회 국회(임시회) 제01차 행정안전위원회,8ce27f4f-3606-47c5-abe3-0003babf76b4,425b0d16-7876-4e85-9491-fca9165f9641,https://record.assembly.go.kr/assembly/viewer/minutes/xml.do?id=57178&type=summary,MODEL_REVIEWED,topic-18,배달 라이더 생계 보호 및 정부 대책 수립,speaker-18-1,"배달 라이더 생계 보호를 위해 지자체 협의와 현장 당사자 참여가 필수이며, 이 mA 번호판 식별제와 주차공간 확보 등 구체적 대책이 필요하다.",429b5202-d7ac-43d3-9426-d812319f6143:1,NO_CURRENT_OFFICIAL_UTTERANCE_LINK,PENDING_SOURCE_REVIEW
5d5f6051-09ac-41ad-a1ff-d4654be239b5,제438회 국회(임시회) 제01차 행정안전위원회,8ce27f4f-3606-47c5-abe3-0003babf76b4,425b0d16-7876-4e85-9491-fca9165f9641,https://record.assembly.go.kr/assembly/viewer/minutes/xml.do?id=57178&type=summary,MODEL_REVIEWED,topic-18,배달 라이더 생계 보호 및 정부 대책 수립,speaker-18-2,일방적 결정이 아닌 인프라와 현장 의견을 반영한 절차적 결정이 필요하다.,c01abfc7-6c41-4e6b-921b-c23bfe17fd91:2|429b5202-d7ac-43d3-9426-d812319f6143:2,NO_CURRENT_OFFICIAL_UTTERANCE_LINK,PENDING_SOURCE_REVIEW
5d5f6051-09ac-41ad-a1ff-d4654be239b5,제438회 국회(임시회) 제01차 행정안전위원회,8ce27f4f-3606-47c5-abe3-0003babf76b4,425b0d16-7876-4e85-9491-fca9165f9641,https://record.assembly.go.kr/assembly/viewer/minutes/xml.do?id=57178&type=summary,MODEL_REVIEWED,topic-19,가 재난 대응 지연 및 시스템 개선 요구,speaker-19-4,"정부가 가 대응을 늦게 실시해 농민피해가 커졌으며, 전문가와 협의체를 통해 선제적 대응 체계를 개선해야 함.",751acc1c-ed19-4b1d-8d9a-6717a9815c13:0,NO_CURRENT_OFFICIAL_UTTERANCE_LINK,PENDING_SOURCE_REVIEW
5d5f6051-09ac-41ad-a1ff-d4654be239b5,제438회 국회(임시회) 제01차 행정안전위원회,8ce27f4f-3606-47c5-abe3-0003babf76b4,425b0d16-7876-4e85-9491-fca9165f9641,https://record.assembly.go.kr/assembly/viewer/minutes/xml.do?id=57178&type=summary,MODEL_REVIEWED,topic-2,과학수사 부족 문제와 중수청 인력 확보,speaker-2-2,"예외 사항을 구두로 처리하라는 지시를 내렸으며, 후반기 질의에서 박상혁회의원이 질문할 예정임을 알렸다.",23d8ede1-b3c7-46a0-9bb7-f0c0880da9f6:1|0e7d2c4f-c372-461f-a8a2-d9a641f8b531:0|34479496-fa5a-427e-a81d-31652e8d043c:0|54187875-985b-41c5-8df5-40b44956ac0e:0|0f865663-c7e5-4b78-ba9d-808d67ecd968:0,NO_CURRENT_OFFICIAL_UTTERANCE_LINK,PENDING_SOURCE_REVIEW
5d5f6051-09ac-41ad-a1ff-d4654be239b5,제438회 국회(임시회) 제01차 행정안전위원회,8ce27f4f-3606-47c5-abe3-0003babf76b4,425b0d16-7876-4e85-9491-fca9165f9641,https://record.assembly.go.kr/assembly/viewer/minutes/xml.do?id=57178&type=summary,MODEL_REVIEWED,topic-21,소방조직 공직기강 쇄신 및 감찰체계 개선,speaker-21-3,"광주사망 사건 등에 대해 중징계를 적용했으며, 국무조정실 조사 결과 갑질과 비위가 드러남.",589ef199-dc42-45b4-a3a5-24c5853a86c2:0|bb269b57-17d8-4e7a-8642-104237634778:1,NO_CURRENT_OFFICIAL_UTTERANCE_LINK,PENDING_SOURCE_REVIEW
5d5f6051-09ac-41ad-a1ff-d4654be239b5,제438회 국회(임시회) 제01차 행정안전위원회,8ce27f4f-3606-47c5-abe3-0003babf76b4,425b0d16-7876-4e85-9491-fca9165f9641,https://record.assembly.go.kr/assembly/viewer/minutes/xml.do?id=57178&type=summary,MODEL_REVIEWED,topic-21,소방조직 공직기강 쇄신 및 감찰체계 개선,speaker-21-4,"서울과 전북에서도 인격 모독, 업무추진비 오용 등 비위 사건이 발생했으며, 내부 감찰체계의 한계가 드러남.",02d9c37b-f8c0-47a9-9eae-687faa129488:1,NO_CURRENT_OFFICIAL_UTTERANCE_LINK,PENDING_SOURCE_REVIEW
cfa253d9-5ada-46e2-9f95-bdf55fb54046,제438회 국회(임시회) 제02차 법제사법위원회,86a76558-a239-4c88-bf28-a2cb2de28840,d03240fa-24b6-4554-b405-0baef0c8c9cd,https://record.assembly.go.kr/assembly/viewer/minutes/xml.do?id=57156&type=summary,MODEL_REVIEWED,topic-4,국가배상금 지급 지연 및 예산집행 시스템 개선,speaker-4-2,"국가배상금 지연으로 인한 지연이자가 연 12%에 달하며, 예산 부족으로 인해 피해자 구제가 지연되고 국가의 재정 손실이 발생하고 있음을 지적했다.",7b7e35ac-4f85-4c92-8e4f-4db2f8f5a3b7:2,NO_CURRENT_OFFICIAL_UTTERANCE_LINK,PENDING_SOURCE_REVIEW
cfa253d9-5ada-46e2-9f95-bdf55fb54046,제438회 국회(임시회) 제02차 법제사법위원회,86a76558-a239-4c88-bf28-a2cb2de28840,d03240fa-24b6-4554-b405-0baef0c8c9cd,https://record.assembly.go.kr/assembly/viewer/minutes/xml.do?id=57156&type=summary,MODEL_REVIEWED,topic-5,범죄 피해자 지원금 지급 방식 개선,speaker-5-1,"범죄 피해자 지원금을 매달 지급할 수 있도록 법을 개정해야 하며, 일시불 지급은 최저생계비 수급을 방해한다고 주장하였다.",54ca9568-18e3-4175-a062-5a6ba650f089:0,NO_CURRENT_OFFICIAL_UTTERANCE_LINK,PENDING_SOURCE_REVIEW
cfa253d9-5ada-46e2-9f95-bdf55fb54046,제438회 국회(임시회) 제02차 법제사법위원회,86a76558-a239-4c88-bf28-a2cb2de28840,d03240fa-24b6-4554-b405-0baef0c8c9cd,https://record.assembly.go.kr/assembly/viewer/minutes/xml.do?id=57156&type=summary,MODEL_REVIEWED,topic-8,박은정·김용민 의원 법안의 공소기각 조항 포함 여부 및 허위사실 유포 주장,speaker-8-2,토론 과정에서 3회 포럼 때부터 해당 내용이 논의되었음을 재확인했다.,4ec55b5b-77f7-4255-b4af-cad29967d850:0,NO_CURRENT_OFFICIAL_UTTERANCE_LINK,PENDING_SOURCE_REVIEW
33fae667-d853-43be-9500-c7335df4771e,제438회 국회(임시회) 제02차 예산결산특별위원회,a5901e5c-f820-4dfc-8f4e-93e8f619009d,ce3be6b5-0f54-46ed-9576-73efd5f4cca4,https://record.assembly.go.kr/assembly/viewer/minutes/xml.do?id=57163&type=summary,MODEL_REVIEWED,topic-19,국가유공자 차량 감면 혜택 문제,speaker-19-2,"국가유공자들의 차량 감면 혜택이 부족하며, 대통령의 특별한 예우 정책과 맞지 않는 수준으로 보인다.",311c5c69-b2c2-4b0f-8231-1668bd3c3b3c:1|7cd234ff-cae0-4d2a-bf50-4c68fe0aa8ba:1,NO_CURRENT_OFFICIAL_UTTERANCE_LINK,PENDING_SOURCE_REVIEW
33fae667-d853-43be-9500-c7335df4771e,제438회 국회(임시회) 제02차 예산결산특별위원회,a5901e5c-f820-4dfc-8f4e-93e8f619009d,ce3be6b5-0f54-46ed-9576-73efd5f4cca4,https://record.assembly.go.kr/assembly/viewer/minutes/xml.do?id=57163&type=summary,MODEL_REVIEWED,topic-5,오세훈 시장 주택 정책 비판 및 서울시 책임 강조,speaker-5-1,"재 건축만으로는 청년 주택 해결이 어려우며, 일반 분양가가 청년 부담에 부적합하다고 비판했다.",62dca2d4-ebc4-4a71-bf30-c66fcc8b7406:2,NO_CURRENT_OFFICIAL_UTTERANCE_LINK,PENDING_SOURCE_REVIEW
137c309b-bfb6-410a-a056-cccd21a7a84d,제438회 국회(임시회) 제03차 법제사법위원회,5381898d-6541-49e2-8d93-49cb9a7256d4,34c8e907-58b2-4401-b6a0-f4d2f0b8dba5,https://record.assembly.go.kr/assembly/viewer/minutes/xml.do?id=57187&type=summary,MODEL_REVIEWED,topic-12,소상공인기본법 정보 제공 항목 변경 논의,speaker-12-3,"중기소위 때는 국세청과 협의가 없었는지, 구동의한 상태에서는 의결이 됐는지 의문을 제기했다.",ee63558b-f32e-46ea-a70f-8e6273cfecc4:1,NO_CURRENT_OFFICIAL_UTTERANCE_LINK,PENDING_SOURCE_REVIEW
137c309b-bfb6-410a-a056-cccd21a7a84d,제438회 국회(임시회) 제03차 법제사법위원회,5381898d-6541-49e2-8d93-49cb9a7256d4,34c8e907-58b2-4401-b6a0-f4d2f0b8dba5,https://record.assembly.go.kr/assembly/viewer/minutes/xml.do?id=57187&type=summary,MODEL_REVIEWED,topic-12,소상공인기본법 정보 제공 항목 변경 논의,speaker-12-4,"상임위에서는 부처와 협의를 통해 이견 없이 통과 가능했으나, 업사위 검토 과정에서 추가 협의가 이뤄졌다고 설명했다.",ee63558b-f32e-46ea-a70f-8e6273cfecc4:2,NO_CURRENT_OFFICIAL_UTTERANCE_LINK,PENDING_SOURCE_REVIEW
137c309b-bfb6-410a-a056-cccd21a7a84d,제438회 국회(임시회) 제03차 법제사법위원회,5381898d-6541-49e2-8d93-49cb9a7256d4,34c8e907-58b2-4401-b6a0-f4d2f0b8dba5,https://record.assembly.go.kr/assembly/viewer/minutes/xml.do?id=57187&type=summary,MODEL_REVIEWED,topic-13,소상공인 정책 관련 과세 정보 요구 범위 조정,speaker-13-1,"소상공인 정책관은 산업통상자원위원회에서 원안 통과가 되었으나, 법제사법위원회 전문위원 심사 과정에서 과도한 과세 정보 요구가 문제라는 지적을 전달했다.",b91bffb5-73fc-4577-9ed2-37e239aa63e2:0,NO_CURRENT_OFFICIAL_UTTERANCE_LINK,PENDING_SOURCE_REVIEW
137c309b-bfb6-410a-a056-cccd21a7a84d,제438회 국회(임시회) 제03차 법제사법위원회,5381898d-6541-49e2-8d93-49cb9a7256d4,34c8e907-58b2-4401-b6a0-f4d2f0b8dba5,https://record.assembly.go.kr/assembly/viewer/minutes/xml.do?id=57187&type=summary,MODEL_REVIEWED,topic-17,전문위원 보고 및 부칙 조문 인용 오류 수정 요청,speaker-17-4,이에 대해,6130f197-aa03-4469-b77e-705253a0fadd:1,NO_CURRENT_OFFICIAL_UTTERANCE_LINK,PENDING_SOURCE_REVIEW
137c309b-bfb6-410a-a056-cccd21a7a84d,제438회 국회(임시회) 제03차 법제사법위원회,5381898d-6541-49e2-8d93-49cb9a7256d4,34c8e907-58b2-4401-b6a0-f4d2f0b8dba5,https://record.assembly.go.kr/assembly/viewer/minutes/xml.do?id=57187&type=summary,MODEL_REVIEWED,topic-18,지역별 재생에너지 발전 현황 및 확대 계획 논의,speaker-18-4,"장관은 진도에 해상풍력 3.6GW, 신안에 3.7GW가 있으며, 더 많은 태양광과 해상풍력 발전이 필요하다고 설명했다.",af29af7f-fe95-4dba-aca0-2194b6a2cc2f:0,NO_CURRENT_OFFICIAL_UTTERANCE_LINK,PENDING_SOURCE_REVIEW
137c309b-bfb6-410a-a056-cccd21a7a84d,제438회 국회(임시회) 제03차 법제사법위원회,5381898d-6541-49e2-8d93-49cb9a7256d4,34c8e907-58b2-4401-b6a0-f4d2f0b8dba5,https://record.assembly.go.kr/assembly/viewer/minutes/xml.do?id=57187&type=summary,MODEL_REVIEWED,topic-21,지천 다리 공사 공론화추진위원회 운영 문제,speaker-21-1,"지천 다리 공사에 대해 과거 부여청향 시기 질의 이력이 있음을 언급하며, 장관에게 재질의를 제안했다.",03319993-a8fb-4279-9dc6-5eecf791903a:0,NO_CURRENT_OFFICIAL_UTTERANCE_LINK,PENDING_SOURCE_REVIEW
137c309b-bfb6-410a-a056-cccd21a7a84d,제438회 국회(임시회) 제03차 법제사법위원회,5381898d-6541-49e2-8d93-49cb9a7256d4,34c8e907-58b2-4401-b6a0-f4d2f0b8dba5,https://record.assembly.go.kr/assembly/viewer/minutes/xml.do?id=57187&type=summary,MODEL_REVIEWED,topic-21,지천 다리 공사 공론화추진위원회 운영 문제,speaker-21-3,"공론화추진위원회가 시작조차 되지 않고 있으며, 찬반 당사자 대신 전문가 중심으로 구성되어 주민 참여가 제한될 우려가 있다.",a287d7ea-f846-4390-858a-f3d4dcd68fe5:1|a287d7ea-f846-4390-858a-f3d4dcd68fe5:2|a287d7ea-f846-4390-858a-f3d4dcd68fe5:3|a287d7ea-f846-4390-858a-f3d4dcd68fe5:4,NO_CURRENT_OFFICIAL_UTTERANCE_LINK,PENDING_SOURCE_REVIEW
2ad2f387-1955-42b8-9c29-f098c33e258c,제438회 국회(임시회) 제03차 예산결산특별위원회,de74a687-269a-4410-a4ac-3db2958b2526,fcf747fb-9bca-44b7-9a16-1457dcedef99,https://record.assembly.go.kr/assembly/viewer/minutes/xml.do?id=57186&type=summary,MODEL_REVIEWED,topic-11,세제개편의 목적과 부동산 시장 정상화,speaker-11-2,"세제개편은 성장 지원, 서민·민생 지원, 과세 형평 차원의 부동산 세제 개편을 주요 축으로 한다.",d4d19bec-68d7-4e73-8d61-2f9217580e53:1,NO_CURRENT_OFFICIAL_UTTERANCE_LINK,PENDING_SOURCE_REVIEW
2ad2f387-1955-42b8-9c29-f098c33e258c,제438회 국회(임시회) 제03차 예산결산특별위원회,de74a687-269a-4410-a4ac-3db2958b2526,fcf747fb-9bca-44b7-9a16-1457dcedef99,https://record.assembly.go.kr/assembly/viewer/minutes/xml.do?id=57186&type=summary,MODEL_REVIEWED,topic-13,세제개편(세액공제 → 재정지출 전환)에 따른 제도 신뢰성과 선택권 충족 방안 논의,speaker-13-3,"기존 조세지출 정책을 일괄 제거하고 재정지출로 전환하는 것은 선택권을 박하며, 현행 정책의 안정성을 해친다.",e817e7ab-1dd8-4957-9876-0f210c639b23:1,NO_CURRENT_OFFICIAL_UTTERANCE_LINK,PENDING_SOURCE_REVIEW
2ad2f387-1955-42b8-9c29-f098c33e258c,제438회 국회(임시회) 제03차 예산결산특별위원회,de74a687-269a-4410-a4ac-3db2958b2526,fcf747fb-9bca-44b7-9a16-1457dcedef99,https://record.assembly.go.kr/assembly/viewer/minutes/xml.do?id=57186&type=summary,MODEL_REVIEWED,topic-15,장관 출석 의무 및 법사위 질문 응답성 향상 방안 논의,speaker-15-1,기재부 차관으로 출석하여 법사위 출석 중이라는 정보를 제공한다.,1ac00c36-e5bd-4b12-a258-699be15821ab:1,NO_CURRENT_OFFICIAL_UTTERANCE_LINK,PENDING_SOURCE_REVIEW
2ad2f387-1955-42b8-9c29-f098c33e258c,제438회 국회(임시회) 제03차 예산결산특별위원회,de74a687-269a-4410-a4ac-3db2958b2526,fcf747fb-9bca-44b7-9a16-1457dcedef99,https://record.assembly.go.kr/assembly/viewer/minutes/xml.do?id=57186&type=summary,MODEL_REVIEWED,topic-17,광세 협상 및 자금 지급 자료 확인,speaker-17-1,전자지급과 지역적 물 수요 공급의 관련성을 간략히 언급함.,aef6f651-e48f-4b50-bae2-d0e79c173ce6:0,NO_CURRENT_OFFICIAL_UTTERANCE_LINK,PENDING_SOURCE_REVIEW
2ad2f387-1955-42b8-9c29-f098c33e258c,제438회 국회(임시회) 제03차 예산결산특별위원회,de74a687-269a-4410-a4ac-3db2958b2526,fcf747fb-9bca-44b7-9a16-1457dcedef99,https://record.assembly.go.kr/assembly/viewer/minutes/xml.do?id=57186&type=summary,MODEL_REVIEWED,topic-22,농업 정책 전환 및 인력 구조 문제,speaker-22-1,"한국 농업의 수출 실적과 예산 규모를 네덜란드와 비교 분석하며, 정부 정책과 농민 간 인식 차이, 농업 관련 기관의 인력 부족 문제를 지적하고, 농업의 미래 산업화를 위한 근본적 전환을 촉구했다.",70a311da-cf0e-43b3-a410-981702236bd9:3,NO_CURRENT_OFFICIAL_UTTERANCE_LINK,PENDING_SOURCE_REVIEW
2ad2f387-1955-42b8-9c29-f098c33e258c,제438회 국회(임시회) 제03차 예산결산특별위원회,de74a687-269a-4410-a4ac-3db2958b2526,fcf747fb-9bca-44b7-9a16-1457dcedef99,https://record.assembly.go.kr/assembly/viewer/minutes/xml.do?id=57186&type=summary,MODEL_REVIEWED,topic-22,농업 정책 전환 및 인력 구조 문제,speaker-22-3,"농림부 예산이 약 20조 원이며, 농가 부채가 소폭 감소하고 있다는 정보를 제공했다.",db0837cb-68f4-46c3-a637-9602434f2cb3:0,NO_CURRENT_OFFICIAL_UTTERANCE_LINK,PENDING_SOURCE_REVIEW
2ad2f387-1955-42b8-9c29-f098c33e258c,제438회 국회(임시회) 제03차 예산결산특별위원회,de74a687-269a-4410-a4ac-3db2958b2526,fcf747fb-9bca-44b7-9a16-1457dcedef99,https://record.assembly.go.kr/assembly/viewer/minutes/xml.do?id=57186&type=summary,MODEL_REVIEWED,topic-22,농업 정책 전환 및 인력 구조 문제,speaker-22-4,"한국 농업의 수출 실적과 예산 규모를 네덜란드와 비교 분석하며, 정부 정책과 농민 간 인식 차이, 농업 관련 기관의 인력 부족 문제를 지적하고, 농업의 미래 산업화를 위한 근본적 전환을 촉구했다.",db0837cb-68f4-46c3-a637-9602434f2cb3:1,NO_CURRENT_OFFICIAL_UTTERANCE_LINK,PENDING_SOURCE_REVIEW
2ad2f387-1955-42b8-9c29-f098c33e258c,제438회 국회(임시회) 제03차 예산결산특별위원회,de74a687-269a-4410-a4ac-3db2958b2526,fcf747fb-9bca-44b7-9a16-1457dcedef99,https://record.assembly.go.kr/assembly/viewer/minutes/xml.do?id=57186&type=summary,MODEL_REVIEWED,topic-23,농업 인력 구조 및 지원 체계,speaker-23-1,"농림부 예산이 약 20조 원이며, 농가 부채가 소폭 감소하고 있다는 정보를 제공했다.",db0837cb-68f4-46c3-a637-9602434f2cb3:2,NO_CURRENT_OFFICIAL_UTTERANCE_LINK,PENDING_SOURCE_REVIEW
2ad2f387-1955-42b8-9c29-f098c33e258c,제438회 국회(임시회) 제03차 예산결산특별위원회,de74a687-269a-4410-a4ac-3db2958b2526,fcf747fb-9bca-44b7-9a16-1457dcedef99,https://record.assembly.go.kr/assembly/viewer/minutes/xml.do?id=57186&type=summary,MODEL_REVIEWED,topic-7,산업부의 메가 프로젝트 부지 선정 정보 공개 거부에 대한 투명성 논의,speaker-7-3,"산업부가 제안한 내용 중 기업의 영업비밀에 해당하지 않는 부분은 공개 가능하며, 기업의 영업비밀은 보호해야 한다.",eda6077c-7181-4d25-8356-bb65b7d30e38:0,NO_CURRENT_OFFICIAL_UTTERANCE_LINK,PENDING_SOURCE_REVIEW
2ad2f387-1955-42b8-9c29-f098c33e258c,제438회 국회(임시회) 제03차 예산결산특별위원회,de74a687-269a-4410-a4ac-3db2958b2526,fcf747fb-9bca-44b7-9a16-1457dcedef99,https://record.assembly.go.kr/assembly/viewer/minutes/xml.do?id=57186&type=summary,MODEL_REVIEWED,topic-8,전재수 부산시장의 ‘북항 돔야구장 검토’ 주장을 둘러본 해수부 사실 확인 논의,speaker-8-4,해수부 내에 전임 장관의 검토를 위해 생성된 문서는 없다고 답변했다.,95fbb23f-3f58-4e71-9551-a0d178c3aa63:1,NO_CURRENT_OFFICIAL_UTTERANCE_LINK,PENDING_SOURCE_REVIEW
bbfb3f13-fb16-4f6b-bb01-2b418b6b01bb,제438회 국회(임시회) 제04차 예산결산특별위원회,f2c76f0e-5621-455e-bcab-54995cc2f06f,547e8626-aac9-4559-a9b0-c106aef946b6,https://record.assembly.go.kr/assembly/viewer/minutes/xml.do?id=57212&type=summary,MODEL_REVIEWED,topic-3,청주공항의 7차 공항개발계획 반영 필요성,speaker-3-1,발표할 생각입니까,2298925e-83e7-4e98-9713-76bbf3642f92:4,NO_CURRENT_OFFICIAL_UTTERANCE_LINK,PENDING_SOURCE_REVIEW
c63352bc-cb49-4474-b8b1-990d8ef24153,제438회 국회(임시회) 제05차 예산결산특별위원회,4253c34d-fd84-46f9-ba23-9426ddaa8d29,f7d81586-96b8-4059-90ba-9e63b4658aaf,https://record.assembly.go.kr/assembly/viewer/minutes/xml.do?id=57193&type=summary,MODEL_REVIEWED,topic-14,청소년 과의존 방지 정책 및 공수처 고발 논의,speaker-14-4,"미국의 사례를 들어 청소년 방지를 위한 적극적 정책을 촉구하며, 공수처장에 대한 직무유기·직권남용 혐의 고발을 언급했다.",d54ee1a5-084b-408b-b212-ec6a1b0f653e:3,NO_CURRENT_OFFICIAL_UTTERANCE_LINK,PENDING_SOURCE_REVIEW
c63352bc-cb49-4474-b8b1-990d8ef24153,제438회 국회(임시회) 제05차 예산결산특별위원회,4253c34d-fd84-46f9-ba23-9426ddaa8d29,f7d81586-96b8-4059-90ba-9e63b4658aaf,https://record.assembly.go.kr/assembly/viewer/minutes/xml.do?id=57193&type=summary,MODEL_REVIEWED,topic-15,마약 범죄 증가와 교정 시 과밀·재범률 문제 논의,speaker-15-4,"정부가 전담 교정 시설을 늘렸지만, 49개 교도소에는 전담재활체계가 없어 초범과 유통범이 혼재해 재범률이 30%로 높고, 수영동 집중 관리 시설도 4곳에 불과해 문제 해결이 어렵다고 지적했다.",e3b83884-2928-4351-89d7-1128a6d4634e:1,NO_CURRENT_OFFICIAL_UTTERANCE_LINK,PENDING_SOURCE_REVIEW
c63352bc-cb49-4474-b8b1-990d8ef24153,제438회 국회(임시회) 제05차 예산결산특별위원회,4253c34d-fd84-46f9-ba23-9426ddaa8d29,f7d81586-96b8-4059-90ba-9e63b4658aaf,https://record.assembly.go.kr/assembly/viewer/minutes/xml.do?id=57193&type=summary,MODEL_REVIEWED,topic-16,교육과 잠자리 문제의 분리 및 개선 요구,speaker-16-1,기준에 따라 수용 가능성을 검토 중임을 나타냄,ca0ff01f-9e66-47ea-bac6-27d0eac7d281:3,NO_CURRENT_OFFICIAL_UTTERANCE_LINK,PENDING_SOURCE_REVIEW
c63352bc-cb49-4474-b8b1-990d8ef24153,제438회 국회(임시회) 제05차 예산결산특별위원회,4253c34d-fd84-46f9-ba23-9426ddaa8d29,f7d81586-96b8-4059-90ba-9e63b4658aaf,https://record.assembly.go.kr/assembly/viewer/minutes/xml.do?id=57193&type=summary,MODEL_REVIEWED,topic-18,기부대양여 사업의 사업성 저하와 토지 오염 정화 문제,speaker-18-1,"국가가 마약 문제에 대한 사회적 책임을 지고, 기부대양여 사업의 사업성 개선이 필요하다고 강조함",4eaae488-d799-404d-955b-52849a9f89b6:0,NO_CURRENT_OFFICIAL_UTTERANCE_LINK,PENDING_SOURCE_REVIEW
c63352bc-cb49-4474-b8b1-990d8ef24153,제438회 국회(임시회) 제05차 예산결산특별위원회,4253c34d-fd84-46f9-ba23-9426ddaa8d29,f7d81586-96b8-4059-90ba-9e63b4658aaf,https://record.assembly.go.kr/assembly/viewer/minutes/xml.do?id=57193&type=summary,MODEL_REVIEWED,topic-19,경찰의 매뉴얼 무시와 지휘 감독 체제 실패 문제,speaker-19-2,매뉴얼이 현장에서 무시되고 전수점검이 필요하다고 요구함,bd2fbc7c-d0a3-4cc8-8bfd-426aa9d6a9b0:2,NO_CURRENT_OFFICIAL_UTTERANCE_LINK,PENDING_SOURCE_REVIEW
c63352bc-cb49-4474-b8b1-990d8ef24153,제438회 국회(임시회) 제05차 예산결산특별위원회,4253c34d-fd84-46f9-ba23-9426ddaa8d29,f7d81586-96b8-4059-90ba-9e63b4658aaf,https://record.assembly.go.kr/assembly/viewer/minutes/xml.do?id=57193&type=summary,MODEL_REVIEWED,topic-20,경찰의 내부감독 실패와 징계 형식화 문제,speaker-20-3,"경찰이 자정능력을 상신했으며, - 없으면 신뢰를 잃을 수밖에 없다고 강조함",b56f86d2-0c28-4290-8cf8-6c29d01cdd9c:0,NO_CURRENT_OFFICIAL_UTTERANCE_LINK,PENDING_SOURCE_REVIEW
c63352bc-cb49-4474-b8b1-990d8ef24153,제438회 국회(임시회) 제05차 예산결산특별위원회,4253c34d-fd84-46f9-ba23-9426ddaa8d29,f7d81586-96b8-4059-90ba-9e63b4658aaf,https://record.assembly.go.kr/assembly/viewer/minutes/xml.do?id=57193&type=summary,MODEL_REVIEWED,topic-21,구급대 3인 탑승 기준의 현장 적용 현황 논의,speaker-21-1,"구급대 3인 탑승 기준을 법제화하고 강제성을 도입할 필요성을 제기하며, 현재 2인 이상으로만된 현상을 지적했다.",609595c3-1bf4-401f-b3d3-69c7e8d265b5:2,NO_CURRENT_OFFICIAL_UTTERANCE_LINK,PENDING_SOURCE_REVIEW
c63352bc-cb49-4474-b8b1-990d8ef24153,제438회 국회(임시회) 제05차 예산결산특별위원회,4253c34d-fd84-46f9-ba23-9426ddaa8d29,f7d81586-96b8-4059-90ba-9e63b4658aaf,https://record.assembly.go.kr/assembly/viewer/minutes/xml.do?id=57193&type=summary,MODEL_REVIEWED,topic-6,국가자산 정보 통합 및 법적 정비,speaker-6-2,"각 기관이 재산 정보를 서로 지 못하며, 근본적인 법적·제도적 정비가 필요하다.",c1e2d406-66db-4657-99f8-c96be7fc649d:2|c1e2d406-66db-4657-99f8-c96be7fc649d:5|c1e2d406-66db-4657-99f8-c96be7fc649d:6,NO_CURRENT_OFFICIAL_UTTERANCE_LINK,PENDING_SOURCE_REVIEW
c63352bc-cb49-4474-b8b1-990d8ef24153,제438회 국회(임시회) 제05차 예산결산특별위원회,4253c34d-fd84-46f9-ba23-9426ddaa8d29,f7d81586-96b8-4059-90ba-9e63b4658aaf,https://record.assembly.go.kr/assembly/viewer/minutes/xml.do?id=57193&type=summary,MODEL_REVIEWED,topic-8,인공지능 데이터 행정법 적용 시 AI 편향 위험 관리,speaker-8-3,"AI 편향 위험을 줄이기 위해 학습 데이터 품질 관리, 역량 평가, 수동 재심사 절차, 데이터 칸막이 해소 등을 제안하며, 인구감소지역 투자 비중 확대를 미처 언급하지 못한 점을 사과했다.",c042d421-4cda-4e2a-9c8f-b5aac44ce84a:1,NO_CURRENT_OFFICIAL_UTTERANCE_LINK,PENDING_SOURCE_REVIEW
c63352bc-cb49-4474-b8b1-990d8ef24153,제438회 국회(임시회) 제05차 예산결산특별위원회,4253c34d-fd84-46f9-ba23-9426ddaa8d29,f7d81586-96b8-4059-90ba-9e63b4658aaf,https://record.assembly.go.kr/assembly/viewer/minutes/xml.do?id=57193&type=summary,MODEL_REVIEWED,topic-9,법원행정처장의 제청권 및 대통령 임명 절차 개입 문제,speaker-9-2,"제청권에 대한 헌법·법률상 명문규정은 없으며, 과거 선례도 법원 차원에서 없다고 답변했다.",ccd2d0de-17d9-484d-8f90-b5d19fdfb48a:2,NO_CURRENT_OFFICIAL_UTTERANCE_LINK,PENDING_SOURCE_REVIEW
277063ec-be24-41b3-a50b-424c40e3bd96,제439회 국회(정기회) 제01차 법제사법위원회,1de56e9b-ea21-4bb3-9724-6ebc4e80f343,38adfdad-ca41-456b-9b34-e876ba1de48a,https://record.assembly.go.kr/assembly/viewer/minutes/xml.do?id=57224&type=summary,MODEL_REVIEWED,topic-10,법무부와 특검 간 예산 관리감독 및 특활비 공개 범위 논의,speaker-10-3,"법무부가 특검에 대해 변명하는 답변을 대신했으며, 특수활동비는 일부 익명 처리를 하지만 수사활동비는 전부 다 제출하라는 공식입장을 지적하며 비판했다.",93ae13c4-dce7-4e4e-ba79-071a6d7da120:1|93ae13c4-dce7-4e4e-ba79-071a6d7da120:2,NO_CURRENT_OFFICIAL_UTTERANCE_LINK,PENDING_SOURCE_REVIEW
277063ec-be24-41b3-a50b-424c40e3bd96,제439회 국회(정기회) 제01차 법제사법위원회,1de56e9b-ea21-4bb3-9724-6ebc4e80f343,38adfdad-ca41-456b-9b34-e876ba1de48a,https://record.assembly.go.kr/assembly/viewer/minutes/xml.do?id=57224&type=summary,MODEL_REVIEWED,topic-24,대법원장 임명 동의 절차 및 법제처장 해석 논의,speaker-24-1,"대법원장 임명 동의 절차가 하며, 대통령의 임명 의도가 없으면 국회의 동의 절차를 생략할 수 있다는 입장을 전달했다.",178e8fe5-5bb3-4e26-94b4-1aa75826e0ec:1|c75f1412-3ade-457d-88dd-d0205384fb10:0|c75f1412-3ade-457d-88dd-d0205384fb10:1|6212722e-d07b-47b1-b523-007f42c65136:0,NO_CURRENT_OFFICIAL_UTTERANCE_LINK,PENDING_SOURCE_REVIEW
277063ec-be24-41b3-a50b-424c40e3bd96,제439회 국회(정기회) 제01차 법제사법위원회,1de56e9b-ea21-4bb3-9724-6ebc4e80f343,38adfdad-ca41-456b-9b34-e876ba1de48a,https://record.assembly.go.kr/assembly/viewer/minutes/xml.do?id=57224&type=summary,MODEL_REVIEWED,topic-6,간사 선임 보류 및 타위법 심사 우선 진행 결정,speaker-6-1,"국회법 검토 및 간사 선임 보류 사유로 인해 타위법 심사 우선 진행을 제안하며, 과거 합의 불이행으로 간사 선임이 보류되었음을 지적했다.",281f9212-5f69-4acf-9f32-24e5bc21cef4:0,NO_CURRENT_OFFICIAL_UTTERANCE_LINK,PENDING_SOURCE_REVIEW
8bd13bcf-3484-46de-857f-c511574be758,제439회 국회(정기회) 제01차 예산결산특별위원회,561e5d30-588f-488d-8c53-a2a1b3031e1c,ec897e40-eb57-46e9-a35e-e34025fdcf25,https://record.assembly.go.kr/assembly/viewer/minutes/xml.do?id=57234&type=summary,MODEL_REVIEWED,topic-16,인사 발언,speaker-16-1,감사하다는 의미의 인사 발언,9ddd7927-2b84-4f61-9202-663ef38fefc0:0,NO_CURRENT_OFFICIAL_UTTERANCE_LINK,PENDING_SOURCE_REVIEW
590ef99a-1023-4b1f-a499-bdbc6bb15f85,제439회 국회(정기회) 제01차 행정안전위원회,97ba0394-91ac-4fa1-bf3b-63431b27d5ca,62fe2576-3275-4da4-ab91-ed6b2fea1726,https://record.assembly.go.kr/assembly/viewer/minutes/xml.do?id=57221&type=summary,MODEL_REVIEWED,topic-13,제주 청장 사망사건 사인 및 경찰 입장 불일치 논의,speaker-13-2,감정 결과 자체가 부패에 때문에 정확한 사인을 알 수 없다.,2a75e3bc-5938-4011-ad3b-4f7f7136fdcf:0,NO_CURRENT_OFFICIAL_UTTERANCE_LINK,PENDING_SOURCE_REVIEW
590ef99a-1023-4b1f-a499-bdbc6bb15f85,제439회 국회(정기회) 제01차 행정안전위원회,97ba0394-91ac-4fa1-bf3b-63431b27d5ca,62fe2576-3275-4da4-ab91-ed6b2fea1726,https://record.assembly.go.kr/assembly/viewer/minutes/xml.do?id=57221&type=summary,MODEL_REVIEWED,topic-19,중대범죄수사청 법안 상정 및 재난 복구 요청,speaker-19-2,자유에 찬성자가 있으므로 의제가,958eda61-834f-4a67-b5be-6b058e6052e4:0,NO_CURRENT_OFFICIAL_UTTERANCE_LINK,PENDING_SOURCE_REVIEW
590ef99a-1023-4b1f-a499-bdbc6bb15f85,제439회 국회(정기회) 제01차 행정안전위원회,97ba0394-91ac-4fa1-bf3b-63431b27d5ca,62fe2576-3275-4da4-ab91-ed6b2fea1726,https://record.assembly.go.kr/assembly/viewer/minutes/xml.do?id=57221&type=summary,MODEL_REVIEWED,topic-19,중대범죄수사청 법안 상정 및 재난 복구 요청,speaker-19-3,"의사일정 변경 동의서를 근거로 중대범죄수사청 운영 관련 법률 일부개정법률안 2건을 행정안전위원회 전체회의 의사일정 제69항 및 70항에 추가하고, 국회법 제77조에 따라 토론 없이 표결한 결과 가결되었음을 선포하였다.",958eda61-834f-4a67-b5be-6b058e6052e4:1,NO_CURRENT_OFFICIAL_UTTERANCE_LINK,PENDING_SOURCE_REVIEW
590ef99a-1023-4b1f-a499-bdbc6bb15f85,제439회 국회(정기회) 제01차 행정안전위원회,97ba0394-91ac-4fa1-bf3b-63431b27d5ca,62fe2576-3275-4da4-ab91-ed6b2fea1726,https://record.assembly.go.kr/assembly/viewer/minutes/xml.do?id=57221&type=summary,MODEL_REVIEWED,topic-9,중소청법 및 중대범죄수사성법 개정 논의,speaker-9-2,중대범죄수사성법 개정안이 검찰의 보완수사권을 일괄 폐쇄하고 공백을 개별법으로 채우는 것은 형사사법체계를 파괴하는 졸속 입법이라며 반대.,91eb0906-e46c-4501-aeb0-8c186a8a41d7:0,NO_CURRENT_OFFICIAL_UTTERANCE_LINK,PENDING_SOURCE_REVIEW
4e210f3f-45eb-441c-8d3e-05cfd3c60daf,제439회 국회(정기회) 제02차 법제사법위원회,740101da-7ceb-497d-b53e-9b47f6f4927c,451de772-18ce-48fa-89c1-a0723c1bceef,https://record.assembly.go.kr/assembly/viewer/minutes/xml.do?id=57248&type=summary,MODEL_REVIEWED,topic-15,기소 계획서 비밀 유출 및 감찰 요구,speaker-15-2,"기소계획서 공개 방식에 대해 불법 우려를 제기하며, 감찰 및 외부 조사 요구함.",c3f60450-4125-4824-9342-9f4e79eff27f:1|3a5cfd20-9912-4f66-954b-2f88c8f08dc6:1,NO_CURRENT_OFFICIAL_UTTERANCE_LINK,PENDING_SOURCE_REVIEW
4e210f3f-45eb-441c-8d3e-05cfd3c60daf,제439회 국회(정기회) 제02차 법제사법위원회,740101da-7ceb-497d-b53e-9b47f6f4927c,451de772-18ce-48fa-89c1-a0723c1bceef,https://record.assembly.go.kr/assembly/viewer/minutes/xml.do?id=57248&type=summary,MODEL_REVIEWED,topic-16,공수처 수사 및 감찰 요구,speaker-16-2,"공수처 수사가 예정되어 있으며, 감찰이 필요하다고 강조함.",63bdcf4a-0908-4510-9683-16041a8b34d9:2|d0aaaa01-ab58-4022-a22e-9e5996483f51:1|d0aaaa01-ab58-4022-a22e-9e5996483f51:3,NO_CURRENT_OFFICIAL_UTTERANCE_LINK,PENDING_SOURCE_REVIEW
4e210f3f-45eb-441c-8d3e-05cfd3c60daf,제439회 국회(정기회) 제02차 법제사법위원회,740101da-7ceb-497d-b53e-9b47f6f4927c,451de772-18ce-48fa-89c1-a0723c1bceef,https://record.assembly.go.kr/assembly/viewer/minutes/xml.do?id=57248&type=summary,MODEL_REVIEWED,topic-17,기소 과정 및 감찰 이동 논의,speaker-17-2,"중요한 내용이며, 검사로 나가는 것은 더 큰 처벌을 의미함.",6a1c80ef-17ab-446b-9c3f-019b69b9d623:0|039aca1b-3ab4-4f8a-9eea-567944b86bb7:0,NO_CURRENT_OFFICIAL_UTTERANCE_LINK,PENDING_SOURCE_REVIEW
4e210f3f-45eb-441c-8d3e-05cfd3c60daf,제439회 국회(정기회) 제02차 법제사법위원회,740101da-7ceb-497d-b53e-9b47f6f4927c,451de772-18ce-48fa-89c1-a0723c1bceef,https://record.assembly.go.kr/assembly/viewer/minutes/xml.do?id=57248&type=summary,MODEL_REVIEWED,topic-19,의사일정 회부 및 안 심사,speaker-19-3,감사합니다 국방부차관님.,0e2a4b33-bf7b-404a-ad85-c2c344ff3dce:1,NO_CURRENT_OFFICIAL_UTTERANCE_LINK,PENDING_SOURCE_REVIEW
4e210f3f-45eb-441c-8d3e-05cfd3c60daf,제439회 국회(정기회) 제02차 법제사법위원회,740101da-7ceb-497d-b53e-9b47f6f4927c,451de772-18ce-48fa-89c1-a0723c1bceef,https://record.assembly.go.kr/assembly/viewer/minutes/xml.do?id=57248&type=summary,MODEL_REVIEWED,topic-20,법안 심사 업무에 대한 다짐 및 정회 선포,speaker-20-2,정회를 선포하며 회의 종료를 공식적으로 했다.,cf15f037-8bdf-4047-bb9b-9b60e3603cd5:1,NO_CURRENT_OFFICIAL_UTTERANCE_LINK,PENDING_SOURCE_REVIEW
4e210f3f-45eb-441c-8d3e-05cfd3c60daf,제439회 국회(정기회) 제02차 법제사법위원회,740101da-7ceb-497d-b53e-9b47f6f4927c,451de772-18ce-48fa-89c1-a0723c1bceef,https://record.assembly.go.kr/assembly/viewer/minutes/xml.do?id=57248&type=summary,MODEL_REVIEWED,topic-6,윤석열 정부 검찰 결정 및 사법부 오염 논란,speaker-6-3,네 호기심이 생기는데 아니 따라서 제 이야기라고 말하며 이어가려 했다.,31cadbf0-2faf-4d5b-b32a-d00e3da65d6b:1,NO_CURRENT_OFFICIAL_UTTERANCE_LINK,PENDING_SOURCE_REVIEW
fe649f43-144b-442c-a36e-2f2e0e29e393,제439회 국회(정기회) 제02차 행정안전위원회,818a59c9-5c9f-46da-9e3f-1989aa6a9ac3,f2962699-30f6-44d6-8873-52303df1a814,https://record.assembly.go.kr/assembly/viewer/minutes/xml.do?id=57260&type=summary,MODEL_REVIEWED,topic-13,중수청 인원 채용 및 수사 공백 우려,speaker-13-1,"중수청 인원이 2874명 중 출범 초기 2년에 걸쳐 채워졌는지 확인하고, 현재 700명 미만으로 보여 수사 공백 우려를 표현함.",eaf63675-7a1c-47ce-b406-abd1e4f6ba41:1|5961f445-0b38-40c6-97ec-514ba98581fd:0,NO_CURRENT_OFFICIAL_UTTERANCE_LINK,PENDING_SOURCE_REVIEW
fe649f43-144b-442c-a36e-2f2e0e29e393,제439회 국회(정기회) 제02차 행정안전위원회,818a59c9-5c9f-46da-9e3f-1989aa6a9ac3,f2962699-30f6-44d6-8873-52303df1a814,https://record.assembly.go.kr/assembly/viewer/minutes/xml.do?id=57260&type=summary,MODEL_REVIEWED,topic-14,경찰청장 임명 지연 오해 해소,speaker-14-1,"경찰청장 임명 지연에 대해 오해가 있다는 점을 지적하며, 조지호 정장의 탄핵과 비상계엄 가담 연관성을 언급함.",655df948-a552-4342-9e26-f56a748d37f4:0,NO_CURRENT_OFFICIAL_UTTERANCE_LINK,PENDING_SOURCE_REVIEW
fe649f43-144b-442c-a36e-2f2e0e29e393,제439회 국회(정기회) 제02차 행정안전위원회,818a59c9-5c9f-46da-9e3f-1989aa6a9ac3,f2962699-30f6-44d6-8873-52303df1a814,https://record.assembly.go.kr/assembly/viewer/minutes/xml.do?id=57260&type=summary,MODEL_REVIEWED,topic-19,법률안 의결 및 후속 조치,speaker-19-2,각각 우리,d94f8963-d4fd-4535-80f4-aa43e9914a12:1,NO_CURRENT_OFFICIAL_UTTERANCE_LINK,PENDING_SOURCE_REVIEW
fe649f43-144b-442c-a36e-2f2e0e29e393,제439회 국회(정기회) 제02차 행정안전위원회,818a59c9-5c9f-46da-9e3f-1989aa6a9ac3,f2962699-30f6-44d6-8873-52303df1a814,https://record.assembly.go.kr/assembly/viewer/minutes/xml.do?id=57260&type=summary,MODEL_REVIEWED,topic-20,의사일정 마무리 및 정부 측 인사,speaker-20-1,"이상으로 법률안 의견을 마치며, 여야 협조에 감사하다고 함.",6394d687-c213-4f2a-b440-f1d3baec3c3e:0,NO_CURRENT_OFFICIAL_UTTERANCE_LINK,PENDING_SOURCE_REVIEW
fe649f43-144b-442c-a36e-2f2e0e29e393,제439회 국회(정기회) 제02차 행정안전위원회,818a59c9-5c9f-46da-9e3f-1989aa6a9ac3,f2962699-30f6-44d6-8873-52303df1a814,https://record.assembly.go.kr/assembly/viewer/minutes/xml.do?id=57260&type=summary,MODEL_REVIEWED,topic-4,중수청장 후보자 적격성 검증 단계 논의,speaker-4-3,"추가 검증이 이루어진다는 것은 지명이 확정되지 않았음을 의미하며, 철회 가능성도 존재할 수 있음을 지적했다.",17fb3368-5065-4199-ab65-b46cc611ed81:2,NO_CURRENT_OFFICIAL_UTTERANCE_LINK,PENDING_SOURCE_REVIEW
fe649f43-144b-442c-a36e-2f2e0e29e393,제439회 국회(정기회) 제02차 행정안전위원회,818a59c9-5c9f-46da-9e3f-1989aa6a9ac3,f2962699-30f6-44d6-8873-52303df1a814,https://record.assembly.go.kr/assembly/viewer/minutes/xml.do?id=57260&type=summary,MODEL_REVIEWED,topic-7,경찰청장 임명 지연과 정년 연장법 논의,speaker-7-3,"대행이 정년이 4년 남아 있음에도 공백 기간을 학계로 청장 임명을 미루는 행위를 비판하며, 능력이 있다면 바로 직무를 수행해야 한다고주장함.",5a75b502-2188-432d-a869-d9c8105acbdb:5,NO_CURRENT_OFFICIAL_UTTERANCE_LINK,PENDING_SOURCE_REVIEW
927fcd8a-605f-4256-ad20-d9ed9d8fcefb,제439회 국회(정기회) 제03차 법제사법위원회,c6488bdf-d1f9-4895-a225-3b95b4cc76e8,d519467b-d589-4c2b-9bd8-68895507b965,https://record.assembly.go.kr/assembly/viewer/minutes/xml.do?id=57259&type=summary,MODEL_REVIEWED,topic-21,주진우의원 발언에 대한 예의적 조율 및 비판,speaker-21-1,"화자 0은 주진우의원의 발언을 예의로 다루며, 그의 발언을 우발적인 것이라며 제한을 걸었다.",1762732e-ad9e-414c-864b-8d164e90bd6c:0|6bcb00bd-b708-480b-9cfa-af71d550e32f:0|2efba830-f70d-419b-8f62-1238a1fb8d8b:0,NO_CURRENT_OFFICIAL_UTTERANCE_LINK,PENDING_SOURCE_REVIEW
927fcd8a-605f-4256-ad20-d9ed9d8fcefb,제439회 국회(정기회) 제03차 법제사법위원회,c6488bdf-d1f9-4895-a225-3b95b4cc76e8,d519467b-d589-4c2b-9bd8-68895507b965,https://record.assembly.go.kr/assembly/viewer/minutes/xml.do?id=57259&type=summary,MODEL_REVIEWED,topic-22,수원실장 청탁 의혹 및 공소 취소 논의,speaker-22-2,"화자 1은 이전 발언과 공소 취소 간의 연관성을 부정했고, 박형수의 질의를 촉구했다.",f51fda26-49d2-4941-b1ad-652857501f62:1|f51fda26-49d2-4941-b1ad-652857501f62:4,NO_CURRENT_OFFICIAL_UTTERANCE_LINK,PENDING_SOURCE_REVIEW
927fcd8a-605f-4256-ad20-d9ed9d8fcefb,제439회 국회(정기회) 제03차 법제사법위원회,c6488bdf-d1f9-4895-a225-3b95b4cc76e8,d519467b-d589-4c2b-9bd8-68895507b965,https://record.assembly.go.kr/assembly/viewer/minutes/xml.do?id=57259&type=summary,MODEL_REVIEWED,topic-23,의사진행발언 및 질의 순서 논의,speaker-23-1,화자 0은 박병석의 발언을 촉구하며 질의를 유도했다.,f51fda26-49d2-4941-b1ad-652857501f62:2,NO_CURRENT_OFFICIAL_UTTERANCE_LINK,PENDING_SOURCE_REVIEW
927fcd8a-605f-4256-ad20-d9ed9d8fcefb,제439회 국회(정기회) 제03차 법제사법위원회,c6488bdf-d1f9-4895-a225-3b95b4cc76e8,d519467b-d589-4c2b-9bd8-68895507b965,https://record.assembly.go.kr/assembly/viewer/minutes/xml.do?id=57259&type=summary,MODEL_REVIEWED,topic-24,의사진행발언 부재 및 공정성 논의,speaker-24-1,"화자 1은 전체 진행 중 의사진행발언이 없었음을 지적하며, 갑자기 발언이 주어지는 것에 대해 반대했다.",885b8fa6-9d59-41bf-a52d-6bdfb7633f8f:3,NO_CURRENT_OFFICIAL_UTTERANCE_LINK,PENDING_SOURCE_REVIEW
927fcd8a-605f-4256-ad20-d9ed9d8fcefb,제439회 국회(정기회) 제03차 법제사법위원회,c6488bdf-d1f9-4895-a225-3b95b4cc76e8,d519467b-d589-4c2b-9bd8-68895507b965,https://record.assembly.go.kr/assembly/viewer/minutes/xml.do?id=57259&type=summary,MODEL_REVIEWED,topic-3,교육부와 법무 장관의 책임 분리,speaker-3-1,"교육부가 책임을 져야 한다고주장했으며, 법무 장관이 아니라 교육부가 책임을 져야 한다고했다.",13d98155-1a2c-439a-8ae8-27e34ebd545a:3|13d98155-1a2c-439a-8ae8-27e34ebd545a:5,NO_CURRENT_OFFICIAL_UTTERANCE_LINK,PENDING_SOURCE_REVIEW
927fcd8a-605f-4256-ad20-d9ed9d8fcefb,제439회 국회(정기회) 제03차 법제사법위원회,c6488bdf-d1f9-4895-a225-3b95b4cc76e8,d519467b-d589-4c2b-9bd8-68895507b965,https://record.assembly.go.kr/assembly/viewer/minutes/xml.do?id=57259&type=summary,MODEL_REVIEWED,topic-8,한동훈 전 장관의 수사 기간과 주가조작 사건,speaker-8-1,한동훈 전 장관의 수사 기간과 그 시기 대통령이 윤석열이었음을 지적했다.,ba6e6853-4115-4408-87d9-4e749f40b810:0,NO_CURRENT_OFFICIAL_UTTERANCE_LINK,PENDING_SOURCE_REVIEW
927fcd8a-605f-4256-ad20-d9ed9d8fcefb,제439회 국회(정기회) 제03차 법제사법위원회,c6488bdf-d1f9-4895-a225-3b95b4cc76e8,d519467b-d589-4c2b-9bd8-68895507b965,https://record.assembly.go.kr/assembly/viewer/minutes/xml.do?id=57259&type=summary,MODEL_REVIEWED,topic-8,한동훈 전 장관의 수사 기간과 주가조작 사건,speaker-8-2,"주가조작 사건에 대해 일관되게 책임과 불법이익 환수를 강조하며, 제 권한 내에서 검토할 것이라고 밝혔다.",ba6e6853-4115-4408-87d9-4e749f40b810:0,NO_CURRENT_OFFICIAL_UTTERANCE_LINK,PENDING_SOURCE_REVIEW
405fc847-07c0-4383-87a8-ef738ec3f97f,제439회 국회(정기회) 제04차 법제사법위원회,a9ff620a-7cf7-492d-9e23-585eb070eb88,a7790f82-a2f2-47a2-afc7-f1ee3573a98e,https://record.assembly.go.kr/assembly/viewer/minutes/xml.do?id=57285&type=summary,MODEL_REVIEWED,topic-11,중수청 검찰 출신 인력 배치 및 문화 이식 우려,speaker-11-4,"검찰 출신 인력 배치 우려에 대해 검찰 전문성과 훈련 취지를 인정하면서도, 중대범죄 수사 역할과 전문성 확보 필요성을 강조한다.",8c3e781a-2a7b-4186-a58a-4fa9ae3d1aba:0,NO_CURRENT_OFFICIAL_UTTERANCE_LINK,PENDING_SOURCE_REVIEW
405fc847-07c0-4383-87a8-ef738ec3f97f,제439회 국회(정기회) 제04차 법제사법위원회,a9ff620a-7cf7-492d-9e23-585eb070eb88,a7790f82-a2f2-47a2-afc7-f1ee3573a98e,https://record.assembly.go.kr/assembly/viewer/minutes/xml.do?id=57285&type=summary,MODEL_REVIEWED,topic-12,유증 도입 범위 제한 논의,speaker-12-2,해당 논의 내용은 내부 검토를 위해 전문위원과에게 위임된다.,3967ab02-f8f6-4f02-92f0-b331dec7ff2e:0,NO_CURRENT_OFFICIAL_UTTERANCE_LINK,PENDING_SOURCE_REVIEW
405fc847-07c0-4383-87a8-ef738ec3f97f,제439회 국회(정기회) 제04차 법제사법위원회,a9ff620a-7cf7-492d-9e23-585eb070eb88,a7790f82-a2f2-47a2-afc7-f1ee3573a98e,https://record.assembly.go.kr/assembly/viewer/minutes/xml.do?id=57285&type=summary,MODEL_REVIEWED,topic-2,5·18 기념재단 신고센터 및 강제징용피해자 보상 문제 논의,speaker-2-1,"5·18 정신적자 공소시효 소멸 문제를 지적하며, 신고센터가 설치된 5·18기념재단의 역할을 강조하고, 과거 보상 내역이 불일치하는 점을 우려함.",e742bef6-1010-408e-b764-6fa44e2489c4:0|75977fff-ec12-4966-8c1d-eddddeaf3fec:0|34da1693-5724-4bd7-8185-55d126539093:1,NO_CURRENT_OFFICIAL_UTTERANCE_LINK,PENDING_SOURCE_REVIEW
405fc847-07c0-4383-87a8-ef738ec3f97f,제439회 국회(정기회) 제04차 법제사법위원회,a9ff620a-7cf7-492d-9e23-585eb070eb88,a7790f82-a2f2-47a2-afc7-f1ee3573a98e,https://record.assembly.go.kr/assembly/viewer/minutes/xml.do?id=57285&type=summary,MODEL_REVIEWED,topic-5,김지용 후보자 검찰개혁 취지 충돌 논의,speaker-5-3,만기학적 은성열 학교 파편과 이재명 정부 시기 검사장 인사 조치를 비교해 김지용 후보자의 ‘직장 혁명’ 인격을 비판하며 불명천 회복을 촉구했다.,47abc703-4705-45d3-a737-e26f8c578e5d:0,NO_CURRENT_OFFICIAL_UTTERANCE_LINK,PENDING_SOURCE_REVIEW
405fc847-07c0-4383-87a8-ef738ec3f97f,제439회 국회(정기회) 제04차 법제사법위원회,a9ff620a-7cf7-492d-9e23-585eb070eb88,a7790f82-a2f2-47a2-afc7-f1ee3573a98e,https://record.assembly.go.kr/assembly/viewer/minutes/xml.do?id=57285&type=summary,MODEL_REVIEWED,topic-6,김성원 후보자 인사청문 자료 제출 요구 및 중앙선관위 역할 논의,speaker-6-3,"직접적인 연관이 없어도 후원 자료를 모두 제출해야 한다는 점은 정무적 검토가 필요하며, 중앙선관위 내 사전 조율이 없었다고 지적했다.",275a38fd-7893-4a27-9ecf-3a789cece566:1,NO_CURRENT_OFFICIAL_UTTERANCE_LINK,PENDING_SOURCE_REVIEW
89252597-cfec-4e8f-9de3-788b5f5097e0,제439회 국회(정기회) 제05차 법제사법위원회,9bd1edc4-438a-4a2d-a643-8431faa47374,f24ea117-bc4a-489b-8275-0f425c3fe5a7,https://record.assembly.go.kr/assembly/viewer/minutes/xml.do?id=57311&type=summary,MODEL_REVIEWED,topic-1,인사청문 경과보고서 채택 안건에 대한 간사 간 협의 부족 및 김승원 후보자 임명 강행 의도 비판,speaker-1-4,박형수 간사임을 확인한다.,fdb17753-b43f-4dc1-8513-855995bc80ee:0,NO_CURRENT_OFFICIAL_UTTERANCE_LINK,PENDING_SOURCE_REVIEW
89252597-cfec-4e8f-9de3-788b5f5097e0,제439회 국회(정기회) 제05차 법제사법위원회,9bd1edc4-438a-4a2d-a643-8431faa47374,f24ea117-bc4a-489b-8275-0f425c3fe5a7,https://record.assembly.go.kr/assembly/viewer/minutes/xml.do?id=57311&type=summary,MODEL_REVIEWED,topic-14,증거보전 신청 제도의 절차적 활용성 논의,speaker-14-1,"법원에 보전 신청하는 증거보전 제도가 소중하게 활용되고 있으며, 이는 검사가 증거로 활용할 수 있는 절차적 근거를 제공한다.",c3da34d3-1736-4fb5-8a1e-3cc237a318a3:2,NO_CURRENT_OFFICIAL_UTTERANCE_LINK,PENDING_SOURCE_REVIEW
89252597-cfec-4e8f-9de3-788b5f5097e0,제439회 국회(정기회) 제05차 법제사법위원회,9bd1edc4-438a-4a2d-a643-8431faa47374,f24ea117-bc4a-489b-8275-0f425c3fe5a7,https://record.assembly.go.kr/assembly/viewer/minutes/xml.do?id=57311&type=summary,MODEL_REVIEWED,topic-17,인사청문경과보고서 표현 문제 및 수정 요청,speaker-17-2,"보고서 작성에 낭비가 있고 지적이 있지 않습니까라고 반문하며, 지적 표현의 문제점을 지적했다.",c9487e60-91ad-4004-9b4c-8fdbcd3e708b:0,NO_CURRENT_OFFICIAL_UTTERANCE_LINK,PENDING_SOURCE_REVIEW
89252597-cfec-4e8f-9de3-788b5f5097e0,제439회 국회(정기회) 제05차 법제사법위원회,9bd1edc4-438a-4a2d-a643-8431faa47374,f24ea117-bc4a-489b-8275-0f425c3fe5a7,https://record.assembly.go.kr/assembly/viewer/minutes/xml.do?id=57311&type=summary,MODEL_REVIEWED,topic-2,인사청문회 절차적성 문제 및 후보자 의혹에 대한 심사 요구,speaker-2-4,"오후에 하려는 계획이 짤 것이라고 비판하며, 일정 조정에 대한 의문을 제기한다.",883990db-059f-4d4b-a21a-248cafb01b83:0,NO_CURRENT_OFFICIAL_UTTERANCE_LINK,PENDING_SOURCE_REVIEW
89252597-cfec-4e8f-9de3-788b5f5097e0,제439회 국회(정기회) 제05차 법제사법위원회,9bd1edc4-438a-4a2d-a643-8431faa47374,f24ea117-bc4a-489b-8275-0f425c3fe5a7,https://record.assembly.go.kr/assembly/viewer/minutes/xml.do?id=57311&type=summary,MODEL_REVIEWED,topic-3,형사소송법 부칙 개정안 자료 송부 시점 및 보고서 작성 일정 논의,speaker-3-1,거짓말을 하므로,5ea3f121-ce15-46b5-8e65-f3f0e13c882b:0,NO_CURRENT_OFFICIAL_UTTERANCE_LINK,PENDING_SOURCE_REVIEW
89252597-cfec-4e8f-9de3-788b5f5097e0,제439회 국회(정기회) 제05차 법제사법위원회,9bd1edc4-438a-4a2d-a643-8431faa47374,f24ea117-bc4a-489b-8275-0f425c3fe5a7,https://record.assembly.go.kr/assembly/viewer/minutes/xml.do?id=57311&type=summary,MODEL_REVIEWED,topic-3,형사소송법 부칙 개정안 자료 송부 시점 및 보고서 작성 일정 논의,speaker-3-4,"모두 다 아는 이야기지만, 보고서 작성 과정에 대한 추가 설명을 시작한다.",305124eb-3e04-40d8-b9ee-f15b0d3b8007:0,NO_CURRENT_OFFICIAL_UTTERANCE_LINK,PENDING_SOURCE_REVIEW
89252597-cfec-4e8f-9de3-788b5f5097e0,제439회 국회(정기회) 제05차 법제사법위원회,9bd1edc4-438a-4a2d-a643-8431faa47374,f24ea117-bc4a-489b-8275-0f425c3fe5a7,https://record.assembly.go.kr/assembly/viewer/minutes/xml.do?id=57311&type=summary,MODEL_REVIEWED,topic-4,화자 간 발언 신뢰성 갈등 및 비판,speaker-4-1,거짓말 탐지기라도 한다는 표현으로 화자 1의 발언에 대해 비판적 시각을 나타낸다.,8e1000ce-c89f-4a15-8729-3cbd980f7f48:0,NO_CURRENT_OFFICIAL_UTTERANCE_LINK,PENDING_SOURCE_REVIEW
89252597-cfec-4e8f-9de3-788b5f5097e0,제439회 국회(정기회) 제05차 법제사법위원회,9bd1edc4-438a-4a2d-a643-8431faa47374,f24ea117-bc4a-489b-8275-0f425c3fe5a7,https://record.assembly.go.kr/assembly/viewer/minutes/xml.do?id=57311&type=summary,MODEL_REVIEWED,topic-4,화자 간 발언 신뢰성 갈등 및 비판,speaker-4-2,"화자 0을 비판하며, 그의 발언을 무시하려는 태도를 보인다.",8e1000ce-c89f-4a15-8729-3cbd980f7f48:1,NO_CURRENT_OFFICIAL_UTTERANCE_LINK,PENDING_SOURCE_REVIEW
89252597-cfec-4e8f-9de3-788b5f5097e0,제439회 국회(정기회) 제05차 법제사법위원회,9bd1edc4-438a-4a2d-a643-8431faa47374,f24ea117-bc4a-489b-8275-0f425c3fe5a7,https://record.assembly.go.kr/assembly/viewer/minutes/xml.do?id=57311&type=summary,MODEL_REVIEWED,topic-4,화자 간 발언 신뢰성 갈등 및 비판,speaker-4-4,"같이라는 말로 대화를 이어가려는 시도를 하지만, 긴장된 분위기를 유지한다.",11a55a81-ceef-4258-b76e-5b89d0756671:1,NO_CURRENT_OFFICIAL_UTTERANCE_LINK,PENDING_SOURCE_REVIEW
89252597-cfec-4e8f-9de3-788b5f5097e0,제439회 국회(정기회) 제05차 법제사법위원회,9bd1edc4-438a-4a2d-a643-8431faa47374,f24ea117-bc4a-489b-8275-0f425c3fe5a7,https://record.assembly.go.kr/assembly/viewer/minutes/xml.do?id=57311&type=summary,MODEL_REVIEWED,topic-5,인사청문회 보고서 채택 일정 절차 준수 문제,speaker-5-3,"특별히 남는 것에서 의류하는 데는 어떻게 하겠다고 했냐고 묻고, 헌법도 왔다고 하며, 이를 밑에 띄워 놓는 행위를 비판한다.",d7d43d93-2413-42e3-b381-f6561f4665ee:0,NO_CURRENT_OFFICIAL_UTTERANCE_LINK,PENDING_SOURCE_REVIEW
89252597-cfec-4e8f-9de3-788b5f5097e0,제439회 국회(정기회) 제05차 법제사법위원회,9bd1edc4-438a-4a2d-a643-8431faa47374,f24ea117-bc4a-489b-8275-0f425c3fe5a7,https://record.assembly.go.kr/assembly/viewer/minutes/xml.do?id=57311&type=summary,MODEL_REVIEWED,topic-9,공직자 병역사항 신고 및 군사기밀 보호법 일부개정법률안 심사,speaker-9-2,국방부에서 약간의 번거로움이 있을 수 있으나 이를 극복하기로 약속했다.,8b0096e2-2f59-4204-8c75-ff0bbb1056f8:1,NO_CURRENT_OFFICIAL_UTTERANCE_LINK,PENDING_SOURCE_REVIEW
78c5fdc8-4f2a-4dd6-803d-c5cb6cc4ce4c,제439회 국회(정기회) 제05차 본회의,98662fda-12b0-4e81-bfd3-0f7b8bcbfe83,ab71ea0c-329f-4148-922f-3d130f03561d,https://record.assembly.go.kr/assembly/viewer/minutes/xml.do?id=57252&type=summary,SOURCE_ONLY_TIMEOUT,topic-12,호남 반도체 크러스트 투자 공공부문 비용과 결정 과정 투명성,speaker-12-1,호남 반도체 크러스트 투자에서 공공부문이 부담하는 총 비용에 대해 질문했다.,8a573e64-ed27-43f7-8271-d0143e263f44:0,NO_CURRENT_OFFICIAL_UTTERANCE_LINK,PENDING_SOURCE_REVIEW
78c5fdc8-4f2a-4dd6-803d-c5cb6cc4ce4c,제439회 국회(정기회) 제05차 본회의,98662fda-12b0-4e81-bfd3-0f7b8bcbfe83,ab71ea0c-329f-4148-922f-3d130f03561d,https://record.assembly.go.kr/assembly/viewer/minutes/xml.do?id=57252&type=summary,SOURCE_ONLY_TIMEOUT,topic-14,수사·공소 분리에 따른 검찰 인력 및 업무량 변화 논의,speaker-14-4,"지적된 부분은 검토의 필요성이 있으며, 추가 기능 강화와 함께 반영 가능한지 확인해야 한다.",a5f2311a-a044-4cd1-a56b-d47fd667d0c1:0,NO_CURRENT_OFFICIAL_UTTERANCE_LINK,PENDING_SOURCE_REVIEW
78c5fdc8-4f2a-4dd6-803d-c5cb6cc4ce4c,제439회 국회(정기회) 제05차 본회의,98662fda-12b0-4e81-bfd3-0f7b8bcbfe83,ab71ea0c-329f-4148-922f-3d130f03561d,https://record.assembly.go.kr/assembly/viewer/minutes/xml.do?id=57252&type=summary,SOURCE_ONLY_TIMEOUT,topic-16,공소청 직제 및 검사정원 시행령 재검토 요구 및 승인,speaker-16-2,재검토를 요청받은 총리가 재검토를 승인했다.,bab18eae-2c9f-4d7f-aed3-20ae779835db:0,NO_CURRENT_OFFICIAL_UTTERANCE_LINK,PENDING_SOURCE_REVIEW
78c5fdc8-4f2a-4dd6-803d-c5cb6cc4ce4c,제439회 국회(정기회) 제05차 본회의,98662fda-12b0-4e81-bfd3-0f7b8bcbfe83,ab71ea0c-329f-4148-922f-3d130f03561d,https://record.assembly.go.kr/assembly/viewer/minutes/xml.do?id=57252&type=summary,SOURCE_ONLY_TIMEOUT,topic-18,전북대 서울대 10개 만들기 사업 추가 선정 요청,speaker-18-2,전북대가 선정될 수 있도록 검토를 진행한다.,f93e2748-99eb-4ccc-901c-51cc684a9778:0,NO_CURRENT_OFFICIAL_UTTERANCE_LINK,PENDING_SOURCE_REVIEW
78c5fdc8-4f2a-4dd6-803d-c5cb6cc4ce4c,제439회 국회(정기회) 제05차 본회의,98662fda-12b0-4e81-bfd3-0f7b8bcbfe83,ab71ea0c-329f-4148-922f-3d130f03561d,https://record.assembly.go.kr/assembly/viewer/minutes/xml.do?id=57252&type=summary,SOURCE_ONLY_TIMEOUT,topic-3,장동혁 대표의 부정선거 음모론 조장 및 헌정질서 부정 행위 비판,speaker-3-2,한성수 총리는 이회식의원의 비판에 대해 동의하는 태도를 보였다.,74975486-a744-42dc-8d3e-905866ac8b3d:0,NO_CURRENT_OFFICIAL_UTTERANCE_LINK,PENDING_SOURCE_REVIEW
78c5fdc8-4f2a-4dd6-803d-c5cb6cc4ce4c,제439회 국회(정기회) 제05차 본회의,98662fda-12b0-4e81-bfd3-0f7b8bcbfe83,ab71ea0c-329f-4148-922f-3d130f03561d,https://record.assembly.go.kr/assembly/viewer/minutes/xml.do?id=57252&type=summary,SOURCE_ONLY_TIMEOUT,topic-4,올림픽공원 핸드볼 경기장 봉쇄 해제 및 부분 통제 검토,speaker-4-1,"이회식의원은 올림픽공원 핸드볼 경기장에서 투표지 보관구역과 체육회 시설이 분리 가능함에도 95일간 봉쇄되어 체육단체 사무실 접근이 막히고 손실이 수십억 원 발생했으며, 장동혁 대표의 분리 가능성 발언에 따라 부분 통제 후 봉쇄 해제를 촉구했다.",aac8c3a4-33ac-4f02-a09c-29046b207471:0,NO_CURRENT_OFFICIAL_UTTERANCE_LINK,PENDING_SOURCE_REVIEW
78c5fdc8-4f2a-4dd6-803d-c5cb6cc4ce4c,제439회 국회(정기회) 제05차 본회의,98662fda-12b0-4e81-bfd3-0f7b8bcbfe83,ab71ea0c-329f-4148-922f-3d130f03561d,https://record.assembly.go.kr/assembly/viewer/minutes/xml.do?id=57252&type=summary,SOURCE_ONLY_TIMEOUT,topic-4,올림픽공원 핸드볼 경기장 봉쇄 해제 및 부분 통제 검토,speaker-4-2,한성수 총리는 이회식의원의 질문에 대해 로 답했다.,f9275653-23ab-40cc-86fd-a46ac00ced54:0,NO_CURRENT_OFFICIAL_UTTERANCE_LINK,PENDING_SOURCE_REVIEW
78c5fdc8-4f2a-4dd6-803d-c5cb6cc4ce4c,제439회 국회(정기회) 제05차 본회의,98662fda-12b0-4e81-bfd3-0f7b8bcbfe83,ab71ea0c-329f-4148-922f-3d130f03561d,https://record.assembly.go.kr/assembly/viewer/minutes/xml.do?id=57252&type=summary,SOURCE_ONLY_TIMEOUT,topic-6,경찰개혁기구 구성,speaker-6-2,그 우려를 인정한다.,ca8521ec-a80d-4f8c-b544-bd6e1dc0ef3d:0,NO_CURRENT_OFFICIAL_UTTERANCE_LINK,PENDING_SOURCE_REVIEW
78c5fdc8-4f2a-4dd6-803d-c5cb6cc4ce4c,제439회 국회(정기회) 제05차 본회의,98662fda-12b0-4e81-bfd3-0f7b8bcbfe83,ab71ea0c-329f-4148-922f-3d130f03561d,https://record.assembly.go.kr/assembly/viewer/minutes/xml.do?id=57252&type=summary,SOURCE_ONLY_TIMEOUT,topic-6,경찰개혁기구 구성,speaker-6-4,그 사실을 확인했다.,d58c79ec-8a36-46e8-b719-d7474576905e:0,NO_CURRENT_OFFICIAL_UTTERANCE_LINK,PENDING_SOURCE_REVIEW
78c5fdc8-4f2a-4dd6-803d-c5cb6cc4ce4c,제439회 국회(정기회) 제05차 본회의,98662fda-12b0-4e81-bfd3-0f7b8bcbfe83,ab71ea0c-329f-4148-922f-3d130f03561d,https://record.assembly.go.kr/assembly/viewer/minutes/xml.do?id=57252&type=summary,SOURCE_ONLY_TIMEOUT,topic-7,경찰개혁 기구 중복 및 통합,speaker-7-2,중복을 인정한다.,4c990e0e-fc6f-4aa5-96cc-2c65cc7757b8:0,NO_CURRENT_OFFICIAL_UTTERANCE_LINK,PENDING_SOURCE_REVIEW
78c5fdc8-4f2a-4dd6-803d-c5cb6cc4ce4c,제439회 국회(정기회) 제05차 본회의,98662fda-12b0-4e81-bfd3-0f7b8bcbfe83,ab71ea0c-329f-4148-922f-3d130f03561d,https://record.assembly.go.kr/assembly/viewer/minutes/xml.do?id=57252&type=summary,SOURCE_ONLY_TIMEOUT,topic-8,중대범죄수사청 출범 준비,speaker-8-2,출범일정을 인정한다.,6148eae6-fc2b-4937-afad-4112f5741374:0,NO_CURRENT_OFFICIAL_UTTERANCE_LINK,PENDING_SOURCE_REVIEW
12dbbe0c-7422-4582-b0eb-5d4ac675ce55,제439회 국회(정기회) 제06차 법제사법위원회,bc9b146a-bdc4-4c09-98fd-1b6f52f4d18b,0a1e7a61-dfa3-4a20-b51f-f27ac9576dbc,https://record.assembly.go.kr/assembly/viewer/minutes/xml.do?id=57313&type=summary,MODEL_REVIEWED,topic-17,금융부실책임심의위원회 경험이 특별감찰관 업무에 미치는 영향,speaker-17-1,"금융부실책임심의위원회으로 부실심사 업무를 수행하며 기소 여부와 구상권 행사를 논의했으며, 급한 경우 구상권 행사를 먼저 고려하는 방식을 적용했다.",c7ae65c4-0f5d-4c3d-a564-2fea8ef8d4b0:0,NO_CURRENT_OFFICIAL_UTTERANCE_LINK,PENDING_SOURCE_REVIEW
12dbbe0c-7422-4582-b0eb-5d4ac675ce55,제439회 국회(정기회) 제06차 법제사법위원회,bc9b146a-bdc4-4c09-98fd-1b6f52f4d18b,0a1e7a61-dfa3-4a20-b51f-f27ac9576dbc,https://record.assembly.go.kr/assembly/viewer/minutes/xml.do?id=57313&type=summary,MODEL_REVIEWED,topic-22,사실 관계 확인의 필요성,speaker-22-1,"사실 관계를 확인한 후 비판해야 하며, 의혹만 앞세우는 것은 비현실적이다.",b201b79e-0e11-441b-9059-c3ec969beda3:0,NO_CURRENT_OFFICIAL_UTTERANCE_LINK,PENDING_SOURCE_REVIEW
12dbbe0c-7422-4582-b0eb-5d4ac675ce55,제439회 국회(정기회) 제06차 법제사법위원회,bc9b146a-bdc4-4c09-98fd-1b6f52f4d18b,0a1e7a61-dfa3-4a20-b51f-f27ac9576dbc,https://record.assembly.go.kr/assembly/viewer/minutes/xml.do?id=57313&type=summary,MODEL_REVIEWED,topic-23,발언자 교정 및 신상 질문 시작,speaker-23-1,"박지원의 발언으로 이어지며, 박대택이 아닌 곽규택으로 교정되었다.",60864dd9-aa78-493d-a263-2f1acc4d0b2a:0|60864dd9-aa78-493d-a263-2f1acc4d0b2a:1,NO_CURRENT_OFFICIAL_UTTERANCE_LINK,PENDING_SOURCE_REVIEW
12dbbe0c-7422-4582-b0eb-5d4ac675ce55,제439회 국회(정기회) 제06차 법제사법위원회,bc9b146a-bdc4-4c09-98fd-1b6f52f4d18b,0a1e7a61-dfa3-4a20-b51f-f27ac9576dbc,https://record.assembly.go.kr/assembly/viewer/minutes/xml.do?id=57313&type=summary,MODEL_REVIEWED,topic-9,특별감찰관 후보자 지명 및 정권 간 임명 논란,speaker-9-3,감사하다.,79d20df4-153e-4b01-a99e-397368989fa0:1,NO_CURRENT_OFFICIAL_UTTERANCE_LINK,PENDING_SOURCE_REVIEW
0ed14a87-a415-47d7-a778-33abb976ba5b,제439회 국회(정기회) 제06차 본회의,50fbdf82-5588-42c4-b3a4-07a2e46354a4,e73ea9f7-5a02-4b26-8697-e1c07e49a6d9,https://record.assembly.go.kr/assembly/viewer/minutes/xml.do?id=57270&type=summary,SOURCE_ONLY_TIMEOUT,topic-14,총리의 공직자 확인 지시와 공직 기강 문제 간 연관성 논의,speaker-14-2,"비리가 발생할 경우 이를 공직 기강의 문제로 연결하여, 총리의 지시를 공직 윤리와 연관지어 비판한다.",c9969408-348e-478b-b3c2-c9cc8d434b9e:0|dbb71405-73d7-41c9-a96f-f773d8025a8d:0,NO_CURRENT_OFFICIAL_UTTERANCE_LINK,PENDING_SOURCE_REVIEW
0ed14a87-a415-47d7-a778-33abb976ba5b,제439회 국회(정기회) 제06차 본회의,50fbdf82-5588-42c4-b3a4-07a2e46354a4,e73ea9f7-5a02-4b26-8697-e1c07e49a6d9,https://record.assembly.go.kr/assembly/viewer/minutes/xml.do?id=57270&type=summary,SOURCE_ONLY_TIMEOUT,topic-15,감찰 미진행 상태에서 총리 소속 공직자 여부 및 수사·감찰 병행 논의,speaker-15-1,"현재 감찰이 진행되지 않고 있으며, 총리 소속 공직자 여부가 명확하지 않다.",f3e2fdb6-4b40-4251-9bae-6b2299095c86:0|c9161bfb-dde7-4923-bbe6-030b9e0f2b01:0|38ae5449-8b4a-4448-9495-4658e89f519c:0,NO_CURRENT_OFFICIAL_UTTERANCE_LINK,PENDING_SOURCE_REVIEW
0ed14a87-a415-47d7-a778-33abb976ba5b,제439회 국회(정기회) 제06차 본회의,50fbdf82-5588-42c4-b3a4-07a2e46354a4,e73ea9f7-5a02-4b26-8697-e1c07e49a6d9,https://record.assembly.go.kr/assembly/viewer/minutes/xml.do?id=57270&type=summary,SOURCE_ONLY_TIMEOUT,topic-16,구체적 증거 없는 비난에 대한 반응과 이병홍 사찰 보도에 대한 추가 조사 부정,speaker-16-1,"구체적 증거 없이 제기된 비난에 대해 신중한 대응을 요구하며, 무분별한 공격을 경계한다.",7ba0b652-969f-47f0-80fc-d053014e7d7b:0,NO_CURRENT_OFFICIAL_UTTERANCE_LINK,PENDING_SOURCE_REVIEW
0ed14a87-a415-47d7-a778-33abb976ba5b,제439회 국회(정기회) 제06차 본회의,50fbdf82-5588-42c4-b3a4-07a2e46354a4,e73ea9f7-5a02-4b26-8697-e1c07e49a6d9,https://record.assembly.go.kr/assembly/viewer/minutes/xml.do?id=57270&type=summary,SOURCE_ONLY_TIMEOUT,topic-17,한반도 평화체제 구축을 위한 외교부 역할 기대,speaker-17-1,"한반도 평화체제 구축을 위해 정전협정 당사자로서의 입장을 명확히 하고, 사자대화를 통해 협의를 진행해야 한다는 점을 강조한다.",e5208050-5a70-41a9-9f31-788d37e8962a:0,NO_CURRENT_OFFICIAL_UTTERANCE_LINK,PENDING_SOURCE_REVIEW
0ed14a87-a415-47d7-a778-33abb976ba5b,제439회 국회(정기회) 제06차 본회의,50fbdf82-5588-42c4-b3a4-07a2e46354a4,e73ea9f7-5a02-4b26-8697-e1c07e49a6d9,https://record.assembly.go.kr/assembly/viewer/minutes/xml.do?id=57270&type=summary,SOURCE_ONLY_TIMEOUT,topic-17,한반도 평화체제 구축을 위한 외교부 역할 기대,speaker-17-3,단순 동의를 넘어서는 실질적인 대화와 협의가 필요하다는 점을 재확인한다.,5c4ffff2-cee4-4050-a9f8-2ff6b8bf4bef:0,NO_CURRENT_OFFICIAL_UTTERANCE_LINK,PENDING_SOURCE_REVIEW
0ed14a87-a415-47d7-a778-33abb976ba5b,제439회 국회(정기회) 제06차 본회의,50fbdf82-5588-42c4-b3a4-07a2e46354a4,e73ea9f7-5a02-4b26-8697-e1c07e49a6d9,https://record.assembly.go.kr/assembly/viewer/minutes/xml.do?id=57270&type=summary,SOURCE_ONLY_TIMEOUT,topic-19,외교부 장관 발언 일관성 문제,speaker-19-2,통일부가 공식적으로 4자 대화 제안을 내놓았음을 확인한다.,5a443e48-5103-4b82-be5c-476baf0271b7:0,NO_CURRENT_OFFICIAL_UTTERANCE_LINK,PENDING_SOURCE_REVIEW
0ed14a87-a415-47d7-a778-33abb976ba5b,제439회 국회(정기회) 제06차 본회의,50fbdf82-5588-42c4-b3a4-07a2e46354a4,e73ea9f7-5a02-4b26-8697-e1c07e49a6d9,https://record.assembly.go.kr/assembly/viewer/minutes/xml.do?id=57270&type=summary,SOURCE_ONLY_TIMEOUT,topic-20,외교부 정부 입지 일관성 문제,speaker-20-2,통일부와의 협력을 통해 정부의 일관된 메시지를 유지할 수 있다는 점을 간략히 언급한다.,6623a2c2-963d-4892-bbf6-d5ab369f52df:0,NO_CURRENT_OFFICIAL_UTTERANCE_LINK,PENDING_SOURCE_REVIEW
0ed14a87-a415-47d7-a778-33abb976ba5b,제439회 국회(정기회) 제06차 본회의,50fbdf82-5588-42c4-b3a4-07a2e46354a4,e73ea9f7-5a02-4b26-8697-e1c07e49a6d9,https://record.assembly.go.kr/assembly/viewer/minutes/xml.do?id=57270&type=summary,SOURCE_ONLY_TIMEOUT,topic-5,AI 의료 플랫폼 및 해외 기술 협력 모델 구축,speaker-5-3,AI 국민 주치를 구현하려면 데이터 연계 규격 의료 데이터 문제를 해결해야 한다.,7db22254-deab-4bbf-b6e2-9af4eecf7ce9:0,NO_CURRENT_OFFICIAL_UTTERANCE_LINK,PENDING_SOURCE_REVIEW
f2cfce00-53f2-4a34-91d3-1790b4bcbb3c,제439회 국회(정기회) 제07차 본회의,468c0a13-cc39-46e5-8647-9c1a9e6f4076,957583cf-f127-43a6-82fd-c2ef11234bfa,https://record.assembly.go.kr/assembly/viewer/minutes/xml.do?id=57271&type=summary,SOURCE_ONLY_TIMEOUT,topic-13,조선업 노동력 구조 변화와 외국인 인력 문제,speaker-13-4,외국인 인력 문제도 함께 검토할 것임을 약속.,7506d9b1-b786-4acc-b407-54a8df402fd7:0,NO_CURRENT_OFFICIAL_UTTERANCE_LINK,PENDING_SOURCE_REVIEW
f2cfce00-53f2-4a34-91d3-1790b4bcbb3c,제439회 국회(정기회) 제07차 본회의,468c0a13-cc39-46e5-8647-9c1a9e6f4076,957583cf-f127-43a6-82fd-c2ef11234bfa,https://record.assembly.go.kr/assembly/viewer/minutes/xml.do?id=57271&type=summary,SOURCE_ONLY_TIMEOUT,topic-15,로열티 자금 활용 및 내국인 인력 충원,speaker-15-2,선박 로열티 지급 현황을 인지하고 있음.,2c4e53ee-ea87-40a6-abb9-b6ff5d371e01:0,NO_CURRENT_OFFICIAL_UTTERANCE_LINK,PENDING_SOURCE_REVIEW
f2cfce00-53f2-4a34-91d3-1790b4bcbb3c,제439회 국회(정기회) 제07차 본회의,468c0a13-cc39-46e5-8647-9c1a9e6f4076,957583cf-f127-43a6-82fd-c2ef11234bfa,https://record.assembly.go.kr/assembly/viewer/minutes/xml.do?id=57271&type=summary,SOURCE_ONLY_TIMEOUT,topic-15,로열티 자금 활용 및 내국인 인력 충원,speaker-15-4,해당 분석에 대한 사실 관계를 확인.,e3985694-38ea-480e-8ab0-0cca04adba1c:0,NO_CURRENT_OFFICIAL_UTTERANCE_LINK,PENDING_SOURCE_REVIEW
f2cfce00-53f2-4a34-91d3-1790b4bcbb3c,제439회 국회(정기회) 제07차 본회의,468c0a13-cc39-46e5-8647-9c1a9e6f4076,957583cf-f127-43a6-82fd-c2ef11234bfa,https://record.assembly.go.kr/assembly/viewer/minutes/xml.do?id=57271&type=summary,SOURCE_ONLY_TIMEOUT,topic-5,부동산 정책 평가 및 공급 확대,speaker-5-4,"네, 그렇습니다.",afcbeadb-114a-4e59-81d9-851af3bf6336:0,NO_CURRENT_OFFICIAL_UTTERANCE_LINK,PENDING_SOURCE_REVIEW
f2cfce00-53f2-4a34-91d3-1790b4bcbb3c,제439회 국회(정기회) 제07차 본회의,468c0a13-cc39-46e5-8647-9c1a9e6f4076,957583cf-f127-43a6-82fd-c2ef11234bfa,https://record.assembly.go.kr/assembly/viewer/minutes/xml.do?id=57271&type=summary,SOURCE_ONLY_TIMEOUT,topic-9,금융 정책 조기 조정과 정책 신도 문제,speaker-9-4,"국정조사와 같은 민생 문제는 판단 영역이며, 정책 일관성과 신뢰도를 회복해야 한다는 입장을 했다.",fa7f0439-8687-4f82-b56f-830009e07c9d:0,NO_CURRENT_OFFICIAL_UTTERANCE_LINK,PENDING_SOURCE_REVIEW
0ba2b2f8-aad1-47da-80d8-de3c5401d760,제439회 국회(정기회) 제08차 본회의,68a522cb-f971-4c1f-8d23-296d29344438,e5954f0e-1b9d-439c-8622-1a249cf23d79,https://record.assembly.go.kr/assembly/viewer/minutes/xml.do?id=57256&type=summary,SOURCE_ONLY_TIMEOUT,topic-14,정부 광고 개혁 및 집행 기준 문제,speaker-14-2,정부 광고 개혁에 동의함.,d16e2882-3c02-4256-b0ab-cd9050aeb535:0,NO_CURRENT_OFFICIAL_UTTERANCE_LINK,PENDING_SOURCE_REVIEW
0ba2b2f8-aad1-47da-80d8-de3c5401d760,제439회 국회(정기회) 제08차 본회의,68a522cb-f971-4c1f-8d23-296d29344438,e5954f0e-1b9d-439c-8622-1a249cf23d79,https://record.assembly.go.kr/assembly/viewer/minutes/xml.do?id=57256&type=summary,SOURCE_ONLY_TIMEOUT,topic-15,광고 집행 매체의 변화와 정책 대응,speaker-15-1,인쇄매체는 광고비가 높지만 독자 수가 감소함.,70f590ed-e174-4a07-9af9-0b1c6ca24d52:0,NO_CURRENT_OFFICIAL_UTTERANCE_LINK,PENDING_SOURCE_REVIEW
0ba2b2f8-aad1-47da-80d8-de3c5401d760,제439회 국회(정기회) 제08차 본회의,68a522cb-f971-4c1f-8d23-296d29344438,e5954f0e-1b9d-439c-8622-1a249cf23d79,https://record.assembly.go.kr/assembly/viewer/minutes/xml.do?id=57256&type=summary,SOURCE_ONLY_TIMEOUT,topic-24,총리실 직원의 과충성 행위에 대한 책임 문의,speaker-24-3,총리가 과충성 행위를 보호하고 있는 것인지 질문했다.,2799d4be-c429-4bcc-87e7-13763e5cc916:0,NO_CURRENT_OFFICIAL_UTTERANCE_LINK,PENDING_SOURCE_REVIEW
0ba2b2f8-aad1-47da-80d8-de3c5401d760,제439회 국회(정기회) 제08차 본회의,68a522cb-f971-4c1f-8d23-296d29344438,e5954f0e-1b9d-439c-8622-1a249cf23d79,https://record.assembly.go.kr/assembly/viewer/minutes/xml.do?id=57256&type=summary,SOURCE_ONLY_TIMEOUT,topic-24,총리실 직원의 과충성 행위에 대한 책임 문의,speaker-24-4,과충성에 대한 비판을 시작했으나 발언이 중단되었다.,20e13db8-8494-41eb-9ac8-0275b4160cab:0,NO_CURRENT_OFFICIAL_UTTERANCE_LINK,PENDING_SOURCE_REVIEW
0ba2b2f8-aad1-47da-80d8-de3c5401d760,제439회 국회(정기회) 제08차 본회의,68a522cb-f971-4c1f-8d23-296d29344438,e5954f0e-1b9d-439c-8622-1a249cf23d79,https://record.assembly.go.kr/assembly/viewer/minutes/xml.do?id=57256&type=summary,SOURCE_ONLY_TIMEOUT,topic-3,국민 눈높이와 여론조사 간 괴리 논의,speaker-3-2,여론조사 내용은 봤다고 했다.,1a6d359c-6707-4156-bc13-e87756e4c0ac:0,NO_CURRENT_OFFICIAL_UTTERANCE_LINK,PENDING_SOURCE_REVIEW
0ba2b2f8-aad1-47da-80d8-de3c5401d760,제439회 국회(정기회) 제08차 본회의,68a522cb-f971-4c1f-8d23-296d29344438,e5954f0e-1b9d-439c-8622-1a249cf23d79,https://record.assembly.go.kr/assembly/viewer/minutes/xml.do?id=57256&type=summary,SOURCE_ONLY_TIMEOUT,topic-3,국민 눈높이와 여론조사 간 괴리 논의,speaker-3-3,여론조사가 정부와 달라지는 점에 대해 우려를 표현했다.,d146b3fd-b0fa-4a9e-bf3a-5badee21b813:0,NO_CURRENT_OFFICIAL_UTTERANCE_LINK,PENDING_SOURCE_REVIEW
0ba2b2f8-aad1-47da-80d8-de3c5401d760,제439회 국회(정기회) 제08차 본회의,68a522cb-f971-4c1f-8d23-296d29344438,e5954f0e-1b9d-439c-8622-1a249cf23d79,https://record.assembly.go.kr/assembly/viewer/minutes/xml.do?id=57256&type=summary,SOURCE_ONLY_TIMEOUT,topic-4,용혜인 후보자 사태와 제청권자의 사과 의향 논의,speaker-4-1,"어떤 분들은 볼수록 잘된 인사다, 이슬만 먹는 분을 고를 수는 없지 않습니까며 국민들의 억장문원 소리에 동의를 묻는다.",17cad27e-d62f-40ff-b25d-86685f9be74f:0,NO_CURRENT_OFFICIAL_UTTERANCE_LINK,PENDING_SOURCE_REVIEW
0ba2b2f8-aad1-47da-80d8-de3c5401d760,제439회 국회(정기회) 제08차 본회의,68a522cb-f971-4c1f-8d23-296d29344438,e5954f0e-1b9d-439c-8622-1a249cf23d79,https://record.assembly.go.kr/assembly/viewer/minutes/xml.do?id=57256&type=summary,SOURCE_ONLY_TIMEOUT,topic-8,검찰총장 공석 문제,speaker-8-1,검찰총장도 형사사법체계 개편 과정에서 수장이 필요하다는 점을 지적했다.,da2d3c52-4a6e-4124-ba13-c3f388c3cb35:0|cc5a7c0d-e98c-47d3-a8df-0c81be87d097:0|713b19ff-8f63-46c4-ad00-e7828e279117:0,NO_CURRENT_OFFICIAL_UTTERANCE_LINK,PENDING_SOURCE_REVIEW
fc7ce550-830d-40d8-8e9f-0716ba9abfd1,제439회 국회(정기회) 제09차 본회의,ffddc3aa-a102-43b4-a400-691c0d83550f,0fa0235c-3217-4c8a-8879-aa3adcffb65d,https://record.assembly.go.kr/assembly/viewer/minutes/xml.do?id=57268&type=summary,SOURCE_ONLY_TIMEOUT,topic-15,독점규제 및 공정거래에 관한 일부 개정,speaker-15-3,"수정안이 찬성 150, 반대 15, 기권 2로 가결되었으며, 원안은 수정 부분을 제외하고 원안대로 의결된 것으로 선포한다.",67208970-81d4-43f2-9cdb-69a9171becef:0,NO_CURRENT_OFFICIAL_UTTERANCE_LINK,PENDING_SOURCE_REVIEW
fc7ce550-830d-40d8-8e9f-0716ba9abfd1,제439회 국회(정기회) 제09차 본회의,ffddc3aa-a102-43b4-a400-691c0d83550f,0fa0235c-3217-4c8a-8879-aa3adcffb65d,https://record.assembly.go.kr/assembly/viewer/minutes/xml.do?id=57268&type=summary,SOURCE_ONLY_TIMEOUT,topic-16,방문 판매 등에 관한 일부 개정,speaker-16-1,방문 판매 등에 관한 일부 개정안 수정안에서 공정거래위원회 동의 절차 시 협의 대상 기관에 검찰총장 외에 국가수사본부장을 추가한다.,fcfb9d1b-b1a4-4ad4-9a12-c55eae02b35a:0,NO_CURRENT_OFFICIAL_UTTERANCE_LINK,PENDING_SOURCE_REVIEW
fc7ce550-830d-40d8-8e9f-0716ba9abfd1,제439회 국회(정기회) 제09차 본회의,ffddc3aa-a102-43b4-a400-691c0d83550f,0fa0235c-3217-4c8a-8879-aa3adcffb65d,https://record.assembly.go.kr/assembly/viewer/minutes/xml.do?id=57268&type=summary,SOURCE_ONLY_TIMEOUT,topic-4,스토킹 범죄처벌법 대안 및 특별검사 임명 법안 의결,speaker-4-1,"스토킹 범죄처벌법 대안이 가결되었고, 형사사법 전자와 촉진법 대안에 대한 투표를 진행했다.",225fe778-43c0-47e0-b37e-8702dc082297:0,NO_CURRENT_OFFICIAL_UTTERANCE_LINK,PENDING_SOURCE_REVIEW
fc7ce550-830d-40d8-8e9f-0716ba9abfd1,제439회 국회(정기회) 제09차 본회의,ffddc3aa-a102-43b4-a400-691c0d83550f,0fa0235c-3217-4c8a-8879-aa3adcffb65d,https://record.assembly.go.kr/assembly/viewer/minutes/xml.do?id=57268&type=summary,SOURCE_ONLY_TIMEOUT,topic-6,"대규모 유통업 거래 공정화법 대안 및 부정청탁금지법, 공직자이해충돌방지법 대안 의결",speaker-6-1,서율진의원의 설명을 마치고 대규모 유통업에서의 거래 공정화에 관한 법률 일부 개정 법안 대안에 대한 투표를 진행했다.,5b47338d-6dad-45d7-ae2b-a7bbe532f598:0,NO_CURRENT_OFFICIAL_UTTERANCE_LINK,PENDING_SOURCE_REVIEW
